Workbook

Sheet Annual Waterfall
A1: Annual Waterfall
B2: Dec-22 | C2: Dec-23 | D2: Dec-24 | E2: Dec-25
A3: BoP ARR | C3: =SUM('Original Data'!$C$4:$C$103)*12 -> 216022.8 | D3: =SUM('Original Data'!$O$4:$O$103)*12 -> 214713.6 | E3: =SUM('Original Data'!$AA$4:$AA$103)*12 -> 223283.88
A4: New | C4: =SUMPRODUCT(('Original Data'!$C$4:$C$103<=0)*('Original Data'!$O$4:$O$103>0)*'Original Data'!$O$4:$O$103)*12 -> 14969.76 | D4: =SUMPRODUCT(('Original Data'!$O$4:$O$103<=0)*('Original Data'!$AA$4:$AA$103>0)*'Original Data'!$AA$4:$AA$103)*12 -> 12625.2 | E4: =SUMPRODUCT(('Original Data'!$AA$4:$AA$103<=0)*('Original Data'!$AM$4:$AM$103>0)*'Original Data'!$AM$4:$AM$103)*12 -> 23635.68
A5: Upsell | C5: =SUMPRODUCT(('Original Data'!$C$4:$C$103>0)*('Original Data'!$O$4:$O$103>0)*('Original Data'!$O$4:$O$103>'Original Data'!$C$4:$C$103)*('Original Data'!$O$4:$O$103-'Original Data'!$C$4:$C$103))*12 -> 4359.72 | D5: =SUMPRODUCT(('Original Data'!$O$4:$O$103>0)*('Original Data'!$AA$4:$AA$103>0)*('Original Data'!$AA$4:$AA$103>'Original Data'!$O$4:$O$103)*('Original Data'!$AA$4:$AA$103-'Original Data'!$O$4:$O$103))*12 -> 4117.68 | E5: =SUMPRODUCT(('Original Data'!$AA$4:$AA$103>0)*('Original Data'!$AM$4:$AM$103>0)*('Original Data'!$AM$4:$AM$103>'Original Data'!$AA$4:$AA$103)*('Original Data'!$AM$4:$AM$103-'Original Data'!$AA$4:$AA$103))*12 -> 5916.12
A6: (Downsell) | C6: =SUMPRODUCT(('Original Data'!$C$4:$C$103>0)*('Original Data'!$O$4:$O$103>0)*('Original Data'!$O$4:$O$103<'Original Data'!$C$4:$C$103)*('Original Data'!$O$4:$O$103-'Original Data'!$C$4:$C$103))*12 -> -4758.72 | D6: =SUMPRODUCT(('Original Data'!$O$4:$O$103>0)*('Original Data'!$AA$4:$AA$103>0)*('Original Data'!$AA$4:$AA$103<'Original Data'!$O$4:$O$103)*('Original Data'!$AA$4:$AA$103-'Original Data'!$O$4:$O$103))*12 -> -552.6 | E6: =SUMPRODUCT(('Original Data'!$AA$4:$AA$103>0)*('Original Data'!$AM$4:$AM$103>0)*('Original Data'!$AM$4:$AM$103<'Original Data'!$AA$4:$AA$103)*('Original Data'!$AM$4:$AM$103-'Original Data'!$AA$4:$AA$103))*12 -> -3482.28
A7: (Churn) | C7: =-SUMPRODUCT(('Original Data'!$C$4:$C$103>0)*('Original Data'!$O$4:$O$103<=0)*'Original Data'!$C$4:$C$103)*12 -> -15879.96 | D7: =-SUMPRODUCT(('Original Data'!$O$4:$O$103>0)*('Original Data'!$AA$4:$AA$103<=0)*'Original Data'!$O$4:$O$103)*12 -> -7620 | E7: =-SUMPRODUCT(('Original Data'!$AA$4:$AA$103>0)*('Original Data'!$AM$4:$AM$103<=0)*'Original Data'!$AA$4:$AA$103)*12 -> -4536
A8: EoP ARR | B8: =SUM('Original Data'!$C$4:$C$103)*12 -> 216022.8 | C8: =SUM('Original Data'!$O$4:$O$103)*12 -> 214713.6 | D8: =SUM('Original Data'!$AA$4:$AA$103)*12 -> 223283.88 | E8: =SUM('Original Data'!$AM$4:$AM$103)*12 -> 244817.4
A9: % Growth | C9: =IF(C3=0,0,C8/C3-1) -> -0.0060604714 | D9: =IF(D3=0,0,D8/D3-1) -> 0.039914938 | E9: =IF(E3=0,0,E8/E3-1) -> 0.096440101
A10: Net New ARR | C10: =C8-C3 -> -1309.2 | D10: =D8-D3 -> 8570.28 | E10: =E8-E3 -> 21533.52
A11: New + Upsell | C11: =C4+C5 -> 19329.48 | D11: =D4+D5 -> 16742.88 | E11: =E4+E5 -> 29551.8
A12: Downsell + Churn | C12: =C6+C7 -> -20638.68 | D12: =D6+D7 -> -8172.6 | E12: =E6+E7 -> -8018.28
A13: Gross Retention % | C13: =IF(C3=0,0,(C3+C6+C7)/C3) -> 0.90446064 | D13: =IF(D3=0,0,(D3+D6+D7)/D3) -> 0.9619372 | E13: =IF(E3=0,0,(E3+E6+E7)/E3) -> 0.9640893
A14: Loss-Only Retention % | C14: =IF(C3=0,0,(C3+C7)/C3) -> 0.92648943 | D14: =IF(D3=0,0,(D3+D7)/D3) -> 0.96451086 | E14: =IF(E3=0,0,(E3+E7)/E3) -> 0.97968505
A15: Net Retention % | C15: =IF(C3=0,0,(C3+C5+C6+C7)/C3) -> 0.9246424 | D15: =IF(D3=0,0,(D3+D5+D6+D7)/D3) -> 0.98111475 | E15: =IF(E3=0,0,(E3+E5+E6+E7)/E3) -> 0.99058526
A16: Customer Waterfall
A17: BoP Customers | C17: =COUNTIF('Original Data'!$C$4:$C$103,">0") -> 79 | D17: =COUNTIF('Original Data'!$O$4:$O$103,">0") -> 79 | E17: =COUNTIF('Original Data'!$AA$4:$AA$103,">0") -> 80
A18: New | C18: =SUMPRODUCT(('Original Data'!$C$4:$C$103<=0)*('Original Data'!$O$4:$O$103>0)*1) -> 6 | D18: =SUMPRODUCT(('Original Data'!$O$4:$O$103<=0)*('Original Data'!$AA$4:$AA$103>0)*1) -> 5 | E18: =SUMPRODUCT(('Original Data'!$AA$4:$AA$103<=0)*('Original Data'!$AM$4:$AM$103>0)*1) -> 7
A19: (Churn) | C19: =SUMPRODUCT(('Original Data'!$C$4:$C$103>0)*('Original Data'!$O$4:$O$103<=0)*1) -> 6 | D19: =SUMPRODUCT(('Original Data'!$O$4:$O$103>0)*('Original Data'!$AA$4:$AA$103<=0)*1) -> 4 | E19: =SUMPRODUCT(('Original Data'!$AA$4:$AA$103>0)*('Original Data'!$AM$4:$AM$103<=0)*1) -> 2
A20: EoP Customers | B20: =COUNTIF('Original Data'!$C$4:$C$103,">0") -> 79 | C20: =COUNTIF('Original Data'!$O$4:$O$103,">0") -> 79 | D20: =COUNTIF('Original Data'!$AA$4:$AA$103,">0") -> 80 | E20: =COUNTIF('Original Data'!$AM$4:$AM$103,">0") -> 85
A21: Net Logos Added | C21: =C18-C19 -> 0 | D21: =D18-D19 -> 1 | E21: =E18-E19 -> 5
A22: Logo % Growth | C22: =IF(C17=0,0,C20/C17-1) -> 0 | D22: =IF(D17=0,0,D20/D17-1) -> 0.012658228 | E22: =IF(E17=0,0,E20/E17-1) -> 0.0625
A23: Gross Logo Retention % | C23: =IF(C17=0,0,(C17-C19)/C17) -> 0.92405063 | D23: =IF(D17=0,0,(D17-D19)/D17) -> 0.94936709 | E23: =IF(E17=0,0,(E17-E19)/E17) -> 0.975
A24: Avg. Logo Size ($ Actuals) | C24: =IF(C20=0,0,C8/C20) -> 2717.8937 | D24: =IF(D20=0,0,D8/D20) -> 2791.0485 | E24: =IF(E20=0,0,E8/E20) -> 2880.2047
A25: Avg Logo Size YoY Growth | D25: =IF(C24=0,0,D24/C24-1) -> 0.026916001 | E25: =IF(D24=0,0,E24/D24-1) -> 0.031943625
A26: Avg. New Logo Size ($ Actuals) | C26: =IF(C18=0,0,C4/C18) -> 2494.96 | D26: =IF(D18=0,0,D4/D18) -> 2525.04 | E26: =IF(E18=0,0,E4/E18) -> 3376.5257
A27: Avg New Logo Size YoY Growth | D27: =IF(C26=0,0,D26/C26-1) -> 0.012056306 | E27: =IF(D26=0,0,E26/D26-1) -> 0.33721672
A28: Avg. Churned Logo Size ($ Actuals) | C28: =IF(C19=0,0,-C7/C19) -> 2646.66 | D28: =IF(D19=0,0,-D7/D19) -> 1905 | E28: =IF(E19=0,0,-E7/E19) -> 2268
A29: Avg Churned Logo Size YoY Growth | D29: =IF(C28=0,0,D28/C28-1) -> -0.28022489 | E29: =IF(D28=0,0,E28/D28-1) -> 0.19055118

Sheet Top Customers
A1: Top Customers as of Dec-25
A2: ($ Actuals) | C2: ARR | J2: $ Growth | O2: % Growth
A3: Rank | B3: Customer | C3: Dec-22 | D3: Dec-23 | E3: Dec-24 | F3: Dec-25 | G3: Dec-22 - Dec-25 CAGR | H3: % of Dec-25 ARR | I3: % Total Cum. | J3: Dec-22 - Dec-23 | K3: Dec-23 - Dec-24 | L3: Dec-24 - Dec-25 | M3: % of Dec-24 - Dec-25 Growth | N3: Mult. of Initial | O3: Dec-22 - Dec-23 | P3: Dec-23 - Dec-24 | Q3: Dec-24 - Dec-25 | R3: Customer Since
A4: 1 | B4: 61 | C4: ='Original Data'!$C$64*12 -> 4644 | D4: ='Original Data'!$O$64*12 -> 4644 | E4: ='Original Data'!$AA$64*12 -> 4644 | F4: ='Original Data'!$AM$64*12 -> 4798.56 | G4: =IF(C4=0,0,(F4/C4)^(1/3)-1) -> 0.010973037 | H4: =IF(F17=0,0,F4/F17) -> 0.019600568 | I4: =SUM(H$4:H4) -> 0.019600568 | J4: =D4-C4 -> 0 | K4: =E4-D4 -> 0 | L4: =F4-E4 -> 154.56 | M4: =IF(L17=0,0,L4/L17) -> 0.0071776468 | N4: =IF(C4=0,0,F4/C4) -> 1.0332817 | O4: =IF(C4=0,0,D4/C4-1) -> 0 | P4: =IF(D4=0,0,E4/D4-1) -> 0 | Q4: =IF(E4=0,0,F4/E4-1) -> 0.033281654 | R4: Dec-22
A5: 2 | B5: 2 | C5: ='Original Data'!$C$5*12 -> 4345.8 | D5: ='Original Data'!$O$5*12 -> 4308 | E5: ='Original Data'!$AA$5*12 -> 4308 | F5: ='Original Data'!$AM$5*12 -> 4788 | G5: =IF(C5=0,0,(F5/C5)^(1/3)-1) -> 0.032828314 | H5: =IF(F17=0,0,F5/F17) -> 0.019557433 | I5: =SUM(H$4:H5) -> 0.039158001 | J5: =D5-C5 -> -37.8 | K5: =E5-D5 -> 0 | L5: =F5-E5 -> 480 | M5: =IF(L17=0,0,L5/L17) -> 0.022290828 | N5: =IF(C5=0,0,F5/C5) -> 1.1017534 | O5: =IF(C5=0,0,D5/C5-1) -> -0.0086980533 | P5: =IF(D5=0,0,E5/D5-1) -> 0 | Q5: =IF(E5=0,0,F5/E5-1) -> 0.11142061 | R5: Dec-22
A6: 3 | B6: 13 | C6: ='Original Data'!$C$16*12 -> 4428 | D6: ='Original Data'!$O$16*12 -> 4428 | E6: ='Original Data'!$AA$16*12 -> 4583.04 | F6: ='Original Data'!$AM$16*12 -> 4583.04 | G6: =IF(C6=0,0,(F6/C6)^(1/3)-1) -> 0.011537556 | H6: =IF(F17=0,0,F6/F17) -> 0.018720238 | I6: =SUM(H$4:H6) -> 0.057878239 | J6: =D6-C6 -> 0 | K6: =E6-D6 -> 155.04 | L6: =F6-E6 -> 0 | M6: =IF(L17=0,0,L6/L17) -> 0 | N6: =IF(C6=0,0,F6/C6) -> 1.0350136 | O6: =IF(C6=0,0,D6/C6-1) -> 0 | P6: =IF(D6=0,0,E6/D6-1) -> 0.03501355 | Q6: =IF(E6=0,0,F6/E6-1) -> 0 | R6: Dec-22
A7: 4 | B7: 53 | C7: ='Original Data'!$C$56*12 -> 2628 | D7: ='Original Data'!$O$56*12 -> 2628 | E7: ='Original Data'!$AA$56*12 -> 4428 | F7: ='Original Data'!$AM$56*12 -> 4574.64 | G7: =IF(C7=0,0,(F7/C7)^(1/3)-1) -> 0.20293969 | H7: =IF(F17=0,0,F7/F17) -> 0.018685927 | I7: =SUM(H$4:H7) -> 0.076564166 | J7: =D7-C7 -> 0 | K7: =E7-D7 -> 1800 | L7: =F7-E7 -> 146.64 | M7: =IF(L17=0,0,L7/L17) -> 0.0068098481 | N7: =IF(C7=0,0,F7/C7) -> 1.7407306 | O7: =IF(C7=0,0,D7/C7-1) -> 0 | P7: =IF(D7=0,0,E7/D7-1) -> 0.68493151 | Q7: =IF(E7=0,0,F7/E7-1) -> 0.033116531 | R7: Dec-22
A8: 5 | B8: 94 | C8: ='Original Data'!$C$97*12 -> 4188 | D8: ='Original Data'!$O$97*12 -> 4188 | E8: ='Original Data'!$AA$97*12 -> 4334.64 | F8: ='Original Data'!$AM$97*12 -> 4486.32 | G8: =IF(C8=0,0,(F8/C8)^(1/3)-1) -> 0.023201555 | H8: =IF(F17=0,0,F8/F17) -> 0.018325168 | I8: =SUM(H$4:H8) -> 0.094889334 | J8: =D8-C8 -> 0 | K8: =E8-D8 -> 146.64 | L8: =F8-E8 -> 151.68 | M8: =IF(L17=0,0,L8/L17) -> 0.0070439018 | N8: =IF(C8=0,0,F8/C8) -> 1.0712321 | O8: =IF(C8=0,0,D8/C8-1) -> 0 | P8: =IF(D8=0,0,E8/D8-1) -> 0.035014327 | Q8: =IF(E8=0,0,F8/E8-1) -> 0.034992525 | R8: Dec-22
A9: 6 | B9: 31 | C9: ='Original Data'!$C$34*12 -> 0 | D9: ='Original Data'!$O$34*12 -> 4202.4 | E9: ='Original Data'!$AA$34*12 -> 4341.48 | F9: ='Original Data'!$AM$34*12 -> 4341.48 | G9: =IF(C9=0,0,(F9/C9)^(1/3)-1) -> 0 | H9: =IF(F17=0,0,F9/F17) -> 0.017733543 | I9: =SUM(H$4:H9) -> 0.11262288 | J9: =D9-C9 -> 4202.4 | K9: =E9-D9 -> 139.08 | L9: =F9-E9 -> 0 | M9: =IF(L17=0,0,L9/L17) -> 0 | N9: =IF(C9=0,0,F9/C9) -> 0 | O9: =IF(C9=0,0,D9/C9-1) -> 0 | P9: =IF(D9=0,0,E9/D9-1) -> 0.033095374 | Q9: =IF(E9=0,0,F9/E9-1) -> 0 | R9: Mar-23
A10: 7 | B10: 51 | C10: ='Original Data'!$C$54*12 -> 4188 | D10: ='Original Data'!$O$54*12 -> 4188 | E10: ='Original Data'!$AA$54*12 -> 4188 | F10: ='Original Data'!$AM$54*12 -> 4334.64 | G10: =IF(C10=0,0,(F10/C10)^(1/3)-1) -> 0.011537809 | H10: =IF(F17=0,0,F10/F17) -> 0.017705604 | I10: =SUM(H$4:H10) -> 0.13032848 | J10: =D10-C10 -> 0 | K10: =E10-D10 -> 0 | L10: =F10-E10 -> 146.64 | M10: =IF(L17=0,0,L10/L17) -> 0.0068098481 | N10: =IF(C10=0,0,F10/C10) -> 1.0350143 | O10: =IF(C10=0,0,D10/C10-1) -> 0 | P10: =IF(D10=0,0,E10/D10-1) -> 0 | Q10: =IF(E10=0,0,F10/E10-1) -> 0.035014327 | R10: Dec-22
A11: 8 | B11: 62 | C11: ='Original Data'!$C$65*12 -> 0 | D11: ='Original Data'!$O$65*12 -> 0 | E11: ='Original Data'!$AA$65*12 -> 0 | F11: ='Original Data'!$AM$65*12 -> 4334.64 | G11: =IF(C11=0,0,(F11/C11)^(1/3)-1) -> 0 | H11: =IF(F17=0,0,F11/F17) -> 0.017705604 | I11: =SUM(H$4:H11) -> 0.14803409 | J11: =D11-C11 -> 0 | K11: =E11-D11 -> 0 | L11: =F11-E11 -> 4334.64 | M11: =IF(L17=0,0,L11/L17) -> 0.20129733 | N11: =IF(C11=0,0,F11/C11) -> 0 | O11: =IF(C11=0,0,D11/C11-1) -> 0 | P11: =IF(D11=0,0,E11/D11-1) -> 0 | Q11: =IF(E11=0,0,F11/E11-1) -> 0 | R11: Jun-25
A12: 9 | B12: 68 | C12: ='Original Data'!$C$71*12 -> 0 | D12: ='Original Data'!$O$71*12 -> 0 | E12: ='Original Data'!$AA$71*12 -> 0 | F12: ='Original Data'!$AM$71*12 -> 4334.64 | G12: =IF(C12=0,0,(F12/C12)^(1/3)-1) -> 0 | H12: =IF(F17=0,0,F12/F17) -> 0.017705604 | I12: =SUM(H$4:H12) -> 0.16573969 | J12: =D12-C12 -> 0 | K12: =E12-D12 -> 0 | L12: =F12-E12 -> 4334.64 | M12: =IF(L17=0,0,L12/L17) -> 0.20129733 | N12: =IF(C12=0,0,F12/C12) -> 0 | O12: =IF(C12=0,0,D12/C12-1) -> 0 | P12: =IF(D12=0,0,E12/D12-1) -> 0 | Q12: =IF(E12=0,0,F12/E12-1) -> 0 | R12: Jun-25
A13: 10 | B13: 91 | C13: ='Original Data'!$C$94*12 -> 4188 | D13: ='Original Data'!$O$94*12 -> 4188 | E13: ='Original Data'!$AA$94*12 -> 4188 | F13: ='Original Data'!$AM$94*12 -> 4334.64 | G13: =IF(C13=0,0,(F13/C13)^(1/3)-1) -> 0.011537809 | H13: =IF(F17=0,0,F13/F17) -> 0.017705604 | I13: =SUM(H$4:H13) -> 0.18344529 | J13: =D13-C13 -> 0 | K13: =E13-D13 -> 0 | L13: =F13-E13 -> 146.64 | M13: =IF(L17=0,0,L13/L17) -> 0.0068098481 | N13: =IF(C13=0,0,F13/C13) -> 1.0350143 | O13: =IF(C13=0,0,D13/C13-1) -> 0 | P13: =IF(D13=0,0,E13/D13-1) -> 0 | Q13: =IF(E13=0,0,F13/E13-1) -> 0.035014327 | R13: Dec-22
B14: Total Top 10 | C14: =SUM(C4:C13) -> 28609.8 | D14: =SUM(D4:D13) -> 32774.4 | E14: =SUM(E4:E13) -> 35015.16 | F14: =SUM(F4:F13) -> 44910.6 | G14: =IF(C14=0,0,(F14/C14)^(1/3)-1) -> 0.16219235 | H14: =IF(F17=0,0,F14/F17) -> 0.18344529 | I14: =SUM(H4:H13) -> 0.18344529 | J14: =SUM(J4:J13) -> 4164.6 | K14: =SUM(K4:K13) -> 2240.76 | L14: =SUM(L4:L13) -> 9895.44 | M14: =IF(L17=0,0,L14/L17) -> 0.45953657 | N14: =IF(C14=0,0,F14/C14) -> 1.5697628 | O14: =IF(C14=0,0,D14/C14-1) -> 0.14556551 | P14: =IF(D14=0,0,E14/D14-1) -> 0.068369215 | Q14: =IF(E14=0,0,F14/E14-1) -> 0.28260445
B16: Other (90 Customers) | C16: =C17-C14 -> 187413 | D16: =D17-D14 -> 181939.2 | E16: =E17-E14 -> 188268.72 | F16: =F17-F14 -> 199906.8 | G16: =IF(C16=0,0,(F16/C16)^(1/3)-1) -> 0.021745228 | H16: =IF(F17=0,0,F16/F17) -> 0.81655471 | J16: =J17-J14 -> -5473.8 | K16: =K17-K14 -> 6329.52 | L16: =L17-L14 -> 11638.08 | M16: =IF(L17=0,0,L16/L17) -> 0.54046343 | N16: =IF(C16=0,0,F16/C16) -> 1.0666645 | O16: =IF(C16=0,0,D16/C16-1) -> -0.029207152 | P16: =IF(D16=0,0,E16/D16-1) -> 0.034789204 | Q16: =IF(E16=0,0,F16/E16-1) -> 0.061816323
B17: Total Customers | C17: =SUM('Original Data'!$C$4:$C$103)*12 -> 216022.8 | D17: =SUM('Original Data'!$O$4:$O$103)*12 -> 214713.6 | E17: =SUM('Original Data'!$AA$4:$AA$103)*12 -> 223283.88 | F17: =SUM('Original Data'!$AM$4:$AM$103)*12 -> 244817.4 | G17: =IF(C17=0,0,(F17/C17)^(1/3)-1) -> 0.042591621 | H17: =IF(F17=0,0,F17/F17) -> 1 | I17: =IF(F17=0,0,F17/F17) -> 1 | J17: =D17-C17 -> -1309.2 | K17: =E17-D17 -> 8570.28 | L17: =F17-E17 -> 21533.52 | M17: =IF(L17=0,0,L17/L17) -> 1 | N17: =IF(C17=0,0,F17/C17) -> 1.1332943 | O17: =IF(C17=0,0,D17/C17-1) -> -0.0060604714 | P17: =IF(D17=0,0,E17/D17-1) -> 0.039914938 | Q17: =IF(E17=0,0,F17/E17-1) -> 0.096440101
B19: Total Top 5 | C19: =SUM(C4:C8) -> 20233.8 | D19: =SUM(D4:D8) -> 20196 | E19: =SUM(E4:E8) -> 22297.68 | F19: =SUM(F4:F8) -> 23230.56 | G19: =IF(C19=0,0,(F19/C19)^(1/3)-1) -> 0.047114263 | H19: =IF(F17=0,0,F19/F17) -> 0.094889334 | I19: =SUM(H4:H8) -> 0.094889334 | J19: =SUM(J4:J8) -> -37.8 | K19: =SUM(K4:K8) -> 2101.68 | L19: =SUM(L4:L8) -> 932.88 | M19: =IF(L17=0,0,L19/L17) -> 0.043322225 | N19: =IF(C19=0,0,F19/C19) -> 1.1481066 | O19: =IF(C19=0,0,D19/C19-1) -> -0.0018681612 | P19: =IF(D19=0,0,E19/D19-1) -> 0.10406417 | Q19: =IF(E19=0,0,F19/E19-1) -> 0.041837536
B20: Total Top 10 | C20: =SUM(C4:C13) -> 28609.8 | D20: =SUM(D4:D13) -> 32774.4 | E20: =SUM(E4:E13) -> 35015.16 | F20: =SUM(F4:F13) -> 44910.6 | G20: =IF(C20=0,0,(F20/C20)^(1/3)-1) -> 0.16219235 | H20: =IF(F17=0,0,F20/F17) -> 0.18344529 | I20: =SUM(H4:H13) -> 0.18344529 | J20: =SUM(J4:J13) -> 4164.6 | K20: =SUM(K4:K13) -> 2240.76 | L20: =SUM(L4:L13) -> 9895.44 | M20: =IF(L17=0,0,L20/L17) -> 0.45953657 | N20: =IF(C20=0,0,F20/C20) -> 1.5697628 | O20: =IF(C20=0,0,D20/C20-1) -> 0.14556551 | P20: =IF(D20=0,0,E20/D20-1) -> 0.068369215 | Q20: =IF(E20=0,0,F20/E20-1) -> 0.28260445

Sheet Original Data
B3: Customers | C3: 44926 | D3: 44957 | E3: 44985 | F3: 45016 | G3: 45046 | H3: 45077 | I3: 45107 | J3: 45138 | K3: 45169 | L3: 45199 | M3: 45230 | N3: 45260 | O3: 45291 | P3: 45322 | Q3: 45351 | R3: 45382 | S3: 45412 | T3: 45443 | U3: 45473 | V3: 45504 | W3: 45535 | X3: 45565 | Y3: 45596 | Z3: 45626 | AA3: 45657 | AB3: 45688 | AC3: 45716 | AD3: 45747 | AE3: 45777 | AF3: 45808 | AG3: 45838 | AH3: 45869 | AI3: 45900 | AJ3: 45930 | AK3: 45961 | AL3: 45991 | AM3: 46022
B4: 1 | C4: 179 | D4: 179 | E4: 179 | F4: 179 | G4: 179 | H4: 179 | I4: 179 | J4: 179 | K4: 179 | L4: 179 | M4: 179 | N4: 179 | O4: 179 | P4: 179 | Q4: 179 | R4: 179 | S4: 179 | T4: 179 | U4: 179 | V4: 179 | W4: 179 | X4: 179 | Y4: 179 | Z4: 179 | AA4: 185.27 | AB4: 185.27 | AC4: 185.27 | AD4: 185.27 | AE4: 185.27 | AF4: 185.27 | AG4: 185.27 | AH4: 185.27 | AI4: 185.27 | AJ4: 185.27 | AK4: 185.27 | AL4: 185.27 | AM4: 185.27
B5: 2 | C5: 362.15 | D5: 362.15 | E5: 359 | F5: 359 | G5: 359 | H5: 359 | I5: 359.3 | J5: 359 | K5: 359 | L5: 359 | M5: 359 | N5: 359 | O5: 359 | P5: 359 | Q5: 359 | R5: 359 | S5: 359 | T5: 359 | U5: 359 | V5: 359 | W5: 359 | X5: 359 | Y5: 359 | Z5: 359 | AA5: 359 | AB5: 399 | AC5: 399 | AD5: 399 | AE5: 399 | AF5: 399 | AG5: 399 | AH5: 399 | AI5: 399 | AJ5: 399 | AK5: 399 | AL5: 399 | AM5: 399
B6: 3 | C6: 296.1 | D6: 296.1 | E6: 296.1 | F6: 296.1 | G6: 296.1 | H6: 296.1 | I6: 296.1 | J6: 296.1 | K6: 296.1 | L6: 296.1 | M6: 296.1 | N6: 296.1 | O6: 296.1 | P6: 296.1 | Q6: 296.1 | R6: 296.1 | S6: 296.1 | T6: 296.1 | U6: 296.1 | V6: 296.1 | W6: 296.1 | X6: 296.1 | Y6: 296.1 | Z6: 296.1 | AA6: 296.1 | AB6: 296.1 | AC6: 296.1 | AD6: 296.1 | AE6: 306.46 | AF6: 306.46 | AG6: 306.46 | AH6: 306.46 | AI6: 306.46 | AJ6: 306.46 | AK6: 306.46 | AL6: 306.46 | AM6: 306.46
B7: 4 | C7: 289 | D7: 289 | E7: 289 | F7: 289 | G7: 289 | H7: 289 | I7: 289 | J7: 289 | K7: 289 | L7: 289 | M7: 289 | N7: 289 | O7: 289 | P7: 289 | Q7: 289 | R7: 289 | S7: 289 | T7: 289 | U7: 289 | V7: 289 | W7: 289 | X7: 289 | Y7: 289 | Z7: 289 | AA7: 289 | AB7: 289 | AC7: 289 | AD7: 289 | AE7: 289 | AF7: 289 | AG7: 289 | AH7: 289 | AI7: 289 | AJ7: 289 | AK7: 289 | AL7: 289 | AM7: 289
B8: 5 | C8: 223 | D8: 223 | E8: 223 | F8: 223 | G8: 223 | H8: 223 | I8: 223 | J8: 223 | K8: 234.15 | L8: 234.15 | M8: 210.74 | N8: 210.74 | O8: 210.74 | P8: 210.74 | Q8: 210.74 | R8: 210.74 | S8: 210.74 | T8: 210.74 | U8: 210.74 | V8: 210.74 | W8: 218.12 | X8: 218.12 | Y8: 218.12 | Z8: 218.12 | AA8: 218.12 | AB8: 218.12 | AC8: 218.12 | AD8: 218.12 | AE8: 218.12 | AF8: 218.12 | AG8: 218.12 | AH8: 218.12 | AI8: 218.12 | AJ8: 225.75 | AK8: 225.75 | AL8: 225.75 | AM8: 225.75
B9: 6 | C9: 279 | D9: 279 | E9: 279 | F9: 279 | G9: 279 | H9: 378 | I9: 279 | J9: 279 | K9: 279 | L9: 279 | M9: 279 | N9: 279 | O9: 279 | P9: 279 | Q9: 279 | R9: 279 | S9: 279 | T9: 279 | U9: 279 | V9: 279 | W9: 279 | X9: 279 | Y9: 279 | Z9: 279 | AA9: 279 | AB9: 279 | AC9: 279 | AD9: 279 | AE9: 279 | AF9: 288.77 | AG9: 288.77 | AH9: 288.77 | AI9: 288.77 | AJ9: 288.77 | AK9: 288.77 | AL9: 288.77 | AM9: 288.77
B10: 7 | C10: 170.05 | D10: 170.05 | E10: 170.05 | F10: 170.05 | G10: 170.05 | H10: 170.05 | I10: 170.05 | J10: 170.05 | K10: 170.05 | L10: 170.05 | M10: 179 | N10: 179 | O10: 179 | P10: 179 | Q10: 179 | R10: 179 | S10: 179 | T10: 179 | U10: 179 | V10: 179 | W10: 179 | X10: 179 | Y10: 179 | Z10: 179 | AA10: 179 | AB10: 179 | AC10: 179 | AD10: 179 | AE10: 179 | AF10: 185.27 | AG10: 185.27 | AH10: 185.27 | AI10: 185.27 | AJ10: 185.27 | AK10: 185.27 | AL10: 185.27 | AM10: 185.27
B11: 8 | C11: 99 | D11: 99 | E11: 99 | F11: 99 | G11: 99 | H11: 99 | I11: 99 | J11: 99 | K11: 99 | L11: 99 | M11: 99 | N11: 99 | O11: 99 | P11: 28.71 | Q11: 0 | R11: 0 | S11: 0 | T11: 0 | U11: 0 | V11: 0 | W11: 0 | X11: 0 | Y11: 0 | Z11: 0 | AA11: 0 | AB11: 0 | AC11: 0 | AD11: 0 | AE11: 0 | AF11: 0 | AG11: 0 | AH11: 0 | AI11: 0 | AJ11: 0 | AK11: 0 | AL11: 0 | AM11: 0
B12: 9 | C12: 229 | D12: 229 | E12: 229 | F12: 229 | G12: 229 | H12: 229 | I12: 229 | J12: 229 | K12: 229 | L12: 229 | M12: 229 | N12: 229 | O12: 229 | P12: 229 | Q12: 229 | R12: 229 | S12: 229 | T12: 229 | U12: 229 | V12: 229 | W12: 229 | X12: 229 | Y12: 229 | Z12: 229 | AA12: 229 | AB12: 229 | AC12: 229 | AD12: 229 | AE12: 229 | AF12: 229 | AG12: 229 | AH12: 229 | AI12: 237.02 | AJ12: 237.02 | AK12: 237.02 | AL12: 237.02 | AM12: 237.02
B13: 10 | C13: 279 | D13: 279 | E13: 279 | F13: 279 | G13: 279 | H13: 279 | I13: 179 | J13: 179 | K13: 179 | L13: 179 | M13: 179 | N13: 179 | O13: 179 | P13: 179 | Q13: 179 | R13: 179 | S13: 179 | T13: 179 | U13: 179 | V13: 179 | W13: 179 | X13: 179 | Y13: 179 | Z13: 179 | AA13: 179 | AB13: 179 | AC13: 179 | AD13: 179 | AE13: 179 | AF13: 179 | AG13: 179 | AH13: 179 | AI13: 179 | AJ13: 185.27 | AK13: 185.27 | AL13: 185.27 | AM13: 185.27
B14: 11 | C14: 170.05 | D14: 170.05 | E14: 170.05 | F14: 170.05 | G14: 170.05 | H14: 170.05 | I14: 170.05 | J14: 170.05 | K14: 170.05 | L14: 170.05 | M14: 179 | N14: 179 | O14: 179 | P14: 179 | Q14: 179 | R14: 179 | S14: 179 | T14: 179 | U14: 179 | V14: 179 | W14: 179 | X14: 179 | Y14: 179 | Z14: 179 | AA14: 179 | AB14: 179 | AC14: 179 | AD14: 179 | AE14: 179 | AF14: 179 | AG14: 179 | AH14: 179 | AI14: 179 | AJ14: 179 | AK14: 179 | AL14: 179 | AM14: 179
B15: 12 | C15: 284.05 | D15: 284.05 | E15: 284.05 | F15: 284.05 | G15: 284.05 | H15: 284.05 | I15: 290.03 | J15: 290.03 | K15: 290.03 | L15: 290.03 | M15: 281.33 | N15: 281.33 | O15: 281.33 | P15: 281.33 | Q15: 281.33 | R15: 281.33 | S15: 281.33 | T15: 290.03 | U15: 290.03 | V15: 290.03 | W15: 290.03 | X15: 290.03 | Y15: 290.03 | Z15: 300.19 | AA15: 300.19 | AB15: 300.19 | AC15: 300.19 | AD15: 300.19 | AE15: 294 | AF15: 294 | AG15: 294 | AH15: 294 | AI15: 294 | AJ15: 294 | AK15: 294 | AL15: 294 | AM15: 294
... B103: 100 | C103: 259 | D103: 259 | E103: 259 | F103: 259 | G103: 259 | H103: 259 | I103: 259 | J103: 259 | K103: 259 | L103: 259 | M103: 259 | N103: 259 | O103: 259 | P103: 259 | Q103: 259 | R103: 259 | S103: 259 | T103: 259 | U103: 259 | V103: 259 | W103: 259 | X103: 279 | Y103: 279 | Z103: 279 | AA103: 279 | AB103: 0 | AC103: 0 | AD103: 0 | AE103: 0 | AF103: 0 | AG103: 0 | AH103: 0 | AI103: 0 | AJ103: 0 | AK103: 0 | AL103: 0 | AM103: 0
