Workbook

Sheet Annual Waterfall
A1: Annual Waterfall
B2: Dec-22 | C2: Dec-23 | D2: Dec-24 | E2: Dec-25
A3: BoP ARR | C3: =SUM('Original Data'!$C$4:$C$103)*12 | D3: =SUM('Original Data'!$O$4:$O$103)*12 | E3: =SUM('Original Data'!$AA$4:$AA$103)*12
A4: New | C4: =SUMPRODUCT(('Original Data'!$C$4:$C$103<=0)*('Original Data'!$O$4:$O$103>0)*'Original Data'!$O$4:$O$103)*12 | D4: =SUMPRODUCT(('Original Data'!$O$4:$O$103<=0)*('Original Data'!$AA$4:$AA$103>0)*'Original Data'!$AA$4:$AA$103)*12 | E4: =SUMPRODUCT(('Original Data'!$AA$4:$AA$103<=0)*('Original Data'!$AM$4:$AM$103>0)*'Original Data'!$AM$4:$AM$103)*12
A5: Upsell | C5: =SUMPRODUCT(('Original Data'!$C$4:$C$103>0)*('Original Data'!$O$4:$O$103>0)*('Original Data'!$O$4:$O$103>'Original Data'!$C$4:$C$103)*('Original Data'!$O$4:$O$103-'Original Data'!$C$4:$C$103))*12 | D5: =SUMPRODUCT(('Original Data'!$O$4:$O$103>0)*('Original Data'!$AA$4:$AA$103>0)*('Original Data'!$AA$4:$AA$103>'Original Data'!$O$4:$O$103)*('Original Data'!$AA$4:$AA$103-'Original Data'!$O$4:$O$103))*12 | E5: =SUMPRODUCT(('Original Data'!$AA$4:$AA$103>0)*('Original Data'!$AM$4:$AM$103>0)*('Original Data'!$AM$4:$AM$103>'Original Data'!$AA$4:$AA$103)*('Original Data'!$AM$4:$AM$103-'Original Data'!$AA$4:$AA$103))*12
A6: (Downsell) | C6: =SUMPRODUCT(('Original Data'!$C$4:$C$103>0)*('Original Data'!$O$4:$O$103>0)*('Original Data'!$O$4:$O$103<'Original Data'!$C$4:$C$103)*('Original Data'!$O$4:$O$103-'Original Data'!$C$4:$C$103))*12 | D6: =SUMPRODUCT(('Original Data'!$O$4:$O$103>0)*('Original Data'!$AA$4:$AA$103>0)*('Original Data'!$AA$4:$AA$103<'Original Data'!$O$4:$O$103)*('Original Data'!$AA$4:$AA$103-'Original Data'!$O$4:$O$103))*12 | E6: =SUMPRODUCT(('Original Data'!$AA$4:$AA$103>0)*('Original Data'!$AM$4:$AM$103>0)*('Original Data'!$AM$4:$AM$103<'Original Data'!$AA$4:$AA$103)*('Original Data'!$AM$4:$AM$103-'Original Data'!$AA$4:$AA$103))*12
A7: (Churn) | C7: =-SUMPRODUCT(('Original Data'!$C$4:$C$103>0)*('Original Data'!$O$4:$O$103<=0)*'Original Data'!$C$4:$C$103)*12 | D7: =-SUMPRODUCT(('Original Data'!$O$4:$O$103>0)*('Original Data'!$AA$4:$AA$103<=0)*'Original Data'!$O$4:$O$103)*12 | E7: =-SUMPRODUCT(('Original Data'!$AA$4:$AA$103>0)*('Original Data'!$AM$4:$AM$103<=0)*'Original Data'!$AA$4:$AA$103)*12
A8: EoP ARR | B8: =SUM('Original Data'!$C$4:$C$103)*12 | C8: =SUM('Original Data'!$O$4:$O$103)*12 | D8: =SUM('Original Data'!$AA$4:$AA$103)*12 | E8: =SUM('Original Data'!$AM$4:$AM$103)*12
A9: % Growth | C9: =IF(C3=0,0,C8/C3-1) | D9: =IF(D3=0,0,D8/D3-1) | E9: =IF(E3=0,0,E8/E3-1)
A10: Net New ARR | C10: =C8-C3 | D10: =D8-D3 | E10: =E8-E3
A11: New + Upsell | C11: =C4+C5 | D11: =D4+D5 | E11: =E4+E5
A12: Downsell + Churn | C12: =C6+C7 | D12: =D6+D7 | E12: =E6+E7
A13: Gross Retention % | C13: =IF(C3=0,0,(C3+C6+C7)/C3) | D13: =IF(D3=0,0,(D3+D6+D7)/D3) | E13: =IF(E3=0,0,(E3+E6+E7)/E3)
A14: Loss-Only Retention % | C14: =IF(C3=0,0,(C3+C7)/C3) | D14: =IF(D3=0,0,(D3+D7)/D3) | E14: =IF(E3=0,0,(E3+E7)/E3)
A15: Net Retention % | C15: =IF(C3=0,0,(C3+C5+C6+C7)/C3) | D15: =IF(D3=0,0,(D3+D5+D6+D7)/D3) | E15: =IF(E3=0,0,(E3+E5+E6+E7)/E3)
A16: Customer Waterfall
A17: BoP Customers | C17: =COUNTIF('Original Data'!$C$4:$C$103,">0") | D17: =COUNTIF('Original Data'!$O$4:$O$103,">0") | E17: =COUNTIF('Original Data'!$AA$4:$AA$103,">0")
A18: New | C18: =SUMPRODUCT(('Original Data'!$C$4:$C$103<=0)*('Original Data'!$O$4:$O$103>0)*1) | D18: =SUMPRODUCT(('Original Data'!$O$4:$O$103<=0)*('Original Data'!$AA$4:$AA$103>0)*1) | E18: =SUMPRODUCT(('Original Data'!$AA$4:$AA$103<=0)*('Original Data'!$AM$4:$AM$103>0)*1)
A19: (Churn) | C19: =SUMPRODUCT(('Original Data'!$C$4:$C$103>0)*('Original Data'!$O$4:$O$103<=0)*1) | D19: =SUMPRODUCT(('Original Data'!$O$4:$O$103>0)*('Original Data'!$AA$4:$AA$103<=0)*1) | E19: =SUMPRODUCT(('Original Data'!$AA$4:$AA$103>0)*('Original Data'!$AM$4:$AM$103<=0)*1)
A20: EoP Customers | B20: =COUNTIF('Original Data'!$C$4:$C$103,">0") | C20: =COUNTIF('Original Data'!$O$4:$O$103,">0") | D20: =COUNTIF('Original Data'!$AA$4:$AA$103,">0") | E20: =COUNTIF('Original Data'!$AM$4:$AM$103,">0")
A21: Net Logos Added | C21: =C18-C19 | D21: =D18-D19 | E21: =E18-E19
A22: Logo % Growth | C22: =IF(C17=0,0,C20/C17-1) | D22: =IF(D17=0,0,D20/D17-1) | E22: =IF(E17=0,0,E20/E17-1)
A23: Gross Logo Retention % | C23: =IF(C17=0,0,(C17-C19)/C17) | D23: =IF(D17=0,0,(D17-D19)/D17) | E23: =IF(E17=0,0,(E17-E19)/E17)
A24: Avg. Logo Size ($ Actuals) | C24: =IF(C20=0,0,C8/C20) | D24: =IF(D20=0,0,D8/D20) | E24: =IF(E20=0,0,E8/E20)
A25: Avg Logo Size YoY Growth | D25: =IF(C24=0,0,D24/C24-1) | E25: =IF(D24=0,0,E24/D24-1)
A26: Avg. New Logo Size ($ Actuals) | C26: =IF(C18=0,0,C4/C18) | D26: =IF(D18=0,0,D4/D18) | E26: =IF(E18=0,0,E4/E18)
A27: Avg New Logo Size YoY Growth | D27: =IF(C26=0,0,D26/C26-1) | E27: =IF(D26=0,0,E26/D26-1)
A28: Avg. Churned Logo Size ($ Actuals) | C28: =IF(C19=0,0,-C7/C19) | D28: =IF(D19=0,0,-D7/D19) | E28: =IF(E19=0,0,-E7/E19)
A29: Avg Churned Logo Size YoY Growth | D29: =IF(C28=0,0,D28/C28-1) | E29: =IF(D28=0,0,E28/D28-1)

Sheet Quarterly Waterfall
A1: Quarterly Waterfall
B2: Q4-22 | C2: Q1-23 | D2: Q2-23 | E2: Q3-23 | F2: Q4-23 | G2: Q1-24 | H2: Q2-24 | I2: Q3-24 | J2: Q4-24 | K2: Q1-25 | L2: Q2-25 | M2: Q3-25 | N2: Q4-25
A3: BoP ARR | C3: =SUM('Original Data'!$C$4:$C$103)*12 | D3: =SUM('Original Data'!$F$4:$F$103)*12 | E3: =SUM('Original Data'!$I$4:$I$103)*12 | F3: =SUM('Original Data'!$L$4:$L$103)*12 | G3: =SUM('Original Data'!$O$4:$O$103)*12 | H3: =SUM('Original Data'!$R$4:$R$103)*12 | I3: =SUM('Original Data'!$U$4:$U$103)*12 | J3: =SUM('Original Data'!$X$4:$X$103)*12 | K3: =SUM('Original Data'!$AA$4:$AA$103)*12 | L3: =SUM('Original Data'!$AD$4:$AD$103)*12 | M3: =SUM('Original Data'!$AG$4:$AG$103)*12 | N3: =SUM('Original Data'!$AJ$4:$AJ$103)*12
A4: New | C4: =SUMPRODUCT(('Original Data'!$C$4:$C$103<=0)*('Original Data'!$F$4:$F$103>0)*'Original Data'!$F$4:$F$103)*12 | D4: =SUMPRODUCT(('Original Data'!$F$4:$F$103<=0)*('Original Data'!$I$4:$I$103>0)*'Original Data'!$I$4:$I$103)*12 | E4: =SUMPRODUCT(('Original Data'!$I$4:$I$103<=0)*('Original Data'!$L$4:$L$103>0)*'Original Data'!$L$4:$L$103)*12 | F4: =SUMPRODUCT(('Original Data'!$L$4:$L$103<=0)*('Original Data'!$O$4:$O$103>0)*'Original Data'!$O$4:$O$103)*12 | G4: =SUMPRODUCT(('Original Data'!$O$4:$O$103<=0)*('Original Data'!$R$4:$R$103>0)*'Original Data'!$R$4:$R$103)*12 | H4: =SUMPRODUCT(('Original Data'!$R$4:$R$103<=0)*('Original Data'!$U$4:$U$103>0)*'Original Data'!$U$4:$U$103)*12 | I4: =SUMPRODUCT(('Original Data'!$U$4:$U$103<=0)*('Original Data'!$X$4:$X$103>0)*'Original Data'!$X$4:$X$103)*12 | J4: =SUMPRODUCT(('Original Data'!$X$4:$X$103<=0)*('Original Data'!$AA$4:$AA$103>0)*'Original Data'!$AA$4:$AA$103)*12 | K4: =SUMPRODUCT(('Original Data'!$AA$4:$AA$103<=0)*('Original Data'!$AD$4:$AD$103>0)*'Original Data'!$AD$4:$AD$103)*12 | L4: =SUMPRODUCT(('Original Data'!$AD$4:$AD$103<=0)*('Original Data'!$AG$4:$AG$103>0)*'Original Data'!$AG$4:$AG$103)*12 | M4: =SUMPRODUCT(('Original Data'!$AG$4:$AG$103<=0)*('Original Data'!$AJ$4:$AJ$103>0)*'Original Data'!$AJ$4:$AJ$103)*12 | N4: =SUMPRODUCT(('Original Data'!$AJ$4:$AJ$103<=0)*('Original Data'!$AM$4:$AM$103>0)*'Original Data'!$AM$4:$AM$103)*12
A5: Upsell | C5: =SUMPRODUCT(('Original Data'!$C$4:$C$103>0)*('Original Data'!$F$4:$F$103>0)*('Original Data'!$F$4:$F$103>'Original Data'!$C$4:$C$103)*('Original Data'!$F$4:$F$103-'Original Data'!$C$4:$C$103))*12 | D5: =SUMPRODUCT(('Original Data'!$F$4:$F$103>0)*('Original Data'!$I$4:$I$103>0)*('Original Data'!$I$4:$I$103>'Original Data'!$F$4:$F$103)*('Original Data'!$I$4:$I$103-'Original Data'!$F$4:$F$103))*12 | E5: =SUMPRODUCT(('Original Data'!$I$4:$I$103>0)*('Original Data'!$L$4:$L$103>0)*('Original Data'!$L$4:$L$103>'Original Data'!$I$4:$I$103)*('Original Data'!$L$4:$L$103-'Original Data'!$I$4:$I$103))*12 | F5: =SUMPRODUCT(('Original Data'!$L$4:$L$103>0)*('Original Data'!$O$4:$O$103>0)*('Original Data'!$O$4:$O$103>'Original Data'!$L$4:$L$103)*('Original Data'!$O$4:$O$103-'Original Data'!$L$4:$L$103))*12 | G5: =SUMPRODUCT(('Original Data'!$O$4:$O$103>0)*('Original Data'!$R$4:$R$103>0)*('Original Data'!$R$4:$R$103>'Original Data'!$O$4:$O$103)*('Original Data'!$R$4:$R$103-'Original Data'!$O$4:$O$103))*12 | H5: =SUMPRODUCT(('Original Data'!$R$4:$R$103>0)*('Original Data'!$U$4:$U$103>0)*('Original Data'!$U$4:$U$103>'Original Data'!$R$4:$R$103)*('Original Data'!$U$4:$U$103-'Original Data'!$R$4:$R$103))*12 | I5: =SUMPRODUCT(('Original Data'!$U$4:$U$103>0)*('Original Data'!$X$4:$X$103>0)*('Original Data'!$X$4:$X$103>'Original Data'!$U$4:$U$103)*('Original Data'!$X$4:$X$103-'Original Data'!$U$4:$U$103))*12 | J5: =SUMPRODUCT(('Original Data'!$X$4:$X$103>0)*('Original Data'!$AA$4:$AA$103>0)*('Original Data'!$AA$4:$AA$103>'Original Data'!$X$4:$X$103)*('Original Data'!$AA$4:$AA$103-'Original Data'!$X$4:$X$103))*12 | K5: =SUMPRODUCT(('Original Data'!$AA$4:$AA$103>0)*('Original Data'!$AD$4:$AD$103>0)*('Original Data'!$AD$4:$AD$103>'Original Data'!$AA$4:$AA$103)*('Original Data'!$AD$4:$AD$103-'Original Data'!$AA$4:$AA$103))*12 | L5: =SUMPRODUCT(('Original Data'!$AD$4:$AD$103>0)*('Original Data'!$AG$4:$AG$103>0)*('Original Data'!$AG$4:$AG$103>'Original Data'!$AD$4:$AD$103)*('Original Data'!$AG$4:$AG$103-'Original Data'!$AD$4:$AD$103))*12 | M5: =SUMPRODUCT(('Original Data'!$AG$4:$AG$103>0)*('Original Data'!$AJ$4:$AJ$103>0)*('Original Data'!$AJ$4:$AJ$103>'Original Data'!$AG$4:$AG$103)*('Original Data'!$AJ$4:$AJ$103-'Original Data'!$AG$4:$AG$103))*12 | N5: =SUMPRODUCT(('Original Data'!$AJ$4:$AJ$103>0)*('Original Data'!$AM$4:$AM$103>0)*('Original Data'!$AM$4:$AM$103>'Original Data'!$AJ$4:$AJ$103)*('Original Data'!$AM$4:$AM$103-'Original Data'!$AJ$4:$AJ$103))*12
A6: (Downsell) | C6: =SUMPRODUCT(('Original Data'!$C$4:$C$103>0)*('Original Data'!$F$4:$F$103>0)*('Original Data'!$F$4:$F$103<'Original Data'!$C$4:$C$103)*('Original Data'!$F$4:$F$103-'Original Data'!$C$4:$C$103))*12 | D6: =SUMPRODUCT(('Original Data'!$F$4:$F$103>0)*('Original Data'!$I$4:$I$103>0)*('Original Data'!$I$4:$I$103<'Original Data'!$F$4:$F$103)*('Original Data'!$I$4:$I$103-'Original Data'!$F$4:$F$103))*12 | E6: =SUMPRODUCT(('Original Data'!$I$4:$I$103>0)*('Original Data'!$L$4:$L$103>0)*('Original Data'!$L$4:$L$103<'Original Data'!$I$4:$I$103)*('Original Data'!$L$4:$L$103-'Original Data'!$I$4:$I$103))*12 | F6: =SUMPRODUCT(('Original Data'!$L$4:$L$103>0)*('Original Data'!$O$4:$O$103>0)*('Original Data'!$O$4:$O$103<'Original Data'!$L$4:$L$103)*('Original Data'!$O$4:$O$103-'Original Data'!$L$4:$L$103))*12 | G6: =SUMPRODUCT(('Original Data'!$O$4:$O$103>0)*('Original Data'!$R$4:$R$103>0)*('Original Data'!$R$4:$R$103<'Original Data'!$O$4:$O$103)*('Original Data'!$R$4:$R$103-'Original Data'!$O$4:$O$103))*12 | H6: =SUMPRODUCT(('Original Data'!$R$4:$R$103>0)*('Original Data'!$U$4:$U$103>0)*('Original Data'!$U$4:$U$103<'Original Data'!$R$4:$R$103)*('Original Data'!$U$4:$U$103-'Original Data'!$R$4:$R$103))*12 | I6: =SUMPRODUCT(('Original Data'!$U$4:$U$103>0)*('Original Data'!$X$4:$X$103>0)*('Original Data'!$X$4:$X$103<'Original Data'!$U$4:$U$103)*('Original Data'!$X$4:$X$103-'Original Data'!$U$4:$U$103))*12 | J6: =SUMPRODUCT(('Original Data'!$X$4:$X$103>0)*('Original Data'!$AA$4:$AA$103>0)*('Original Data'!$AA$4:$AA$103<'Original Data'!$X$4:$X$103)*('Original Data'!$AA$4:$AA$103-'Original Data'!$X$4:$X$103))*12 | K6: =SUMPRODUCT(('Original Data'!$AA$4:$AA$103>0)*('Original Data'!$AD$4:$AD$103>0)*('Original Data'!$AD$4:$AD$103<'Original Data'!$AA$4:$AA$103)*('Original Data'!$AD$4:$AD$103-'Original Data'!$AA$4:$AA$103))*12 | L6: =SUMPRODUCT(('Original Data'!$AD$4:$AD$103>0)*('Original Data'!$AG$4:$AG$103>0)*('Original Data'!$AG$4:$AG$103<'Original Data'!$AD$4:$AD$103)*('Original Data'!$AG$4:$AG$103-'Original Data'!$AD$4:$AD$103))*12 | M6: =SUMPRODUCT(('Original Data'!$AG$4:$AG$103>0)*('Original Data'!$AJ$4:$AJ$103>0)*('Original Data'!$AJ$4:$AJ$103<'Original Data'!$AG$4:$AG$103)*('Original Data'!$AJ$4:$AJ$103-'Original Data'!$AG$4:$AG$103))*12 | N6: =SUMPRODUCT(('Original Data'!$AJ$4:$AJ$103>0)*('Original Data'!$AM$4:$AM$103>0)*('Original Data'!$AM$4:$AM$103<'Original Data'!$AJ$4:$AJ$103)*('Original Data'!$AM$4:$AM$103-'Original Data'!$AJ$4:$AJ$103))*12
A7: (Churn) | C7: =-SUMPRODUCT(('Original Data'!$C$4:$C$103>0)*('Original Data'!$F$4:$F$103<=0)*'Original Data'!$C$4:$C$103)*12 | D7: =-SUMPRODUCT(('Original Data'!$F$4:$F$103>0)*('Original Data'!$I$4:$I$103<=0)*'Original Data'!$F$4:$F$103)*12 | E7: =-SUMPRODUCT(('Original Data'!$I$4:$I$103>0)*('Original Data'!$L$4:$L$103<=0)*'Original Data'!$I$4:$I$103)*12 | F7: =-SUMPRODUCT(('Original Data'!$L$4:$L$103>0)*('Original Data'!$O$4:$O$103<=0)*'Original Data'!$L$4:$L$103)*12 | G7: =-SUMPRODUCT(('Original Data'!$O$4:$O$103>0)*('Original Data'!$R$4:$R$103<=0)*'Original Data'!$O$4:$O$103)*12 | H7: =-SUMPRODUCT(('Original Data'!$R$4:$R$103>0)*('Original Data'!$U$4:$U$103<=0)*'Original Data'!$R$4:$R$103)*12 | I7: =-SUMPRODUCT(('Original Data'!$U$4:$U$103>0)*('Original Data'!$X$4:$X$103<=0)*'Original Data'!$U$4:$U$103)*12 | J7: =-SUMPRODUCT(('Original Data'!$X$4:$X$103>0)*('Original Data'!$AA$4:$AA$103<=0)*'Original Data'!$X$4:$X$103)*12 | K7: =-SUMPRODUCT(('Original Data'!$AA$4:$AA$103>0)*('Original Data'!$AD$4:$AD$103<=0)*'Original Data'!$AA$4:$AA$103)*12 | L7: =-SUMPRODUCT(('Original Data'!$AD$4:$AD$103>0)*('Original Data'!$AG$4:$AG$103<=0)*'Original Data'!$AD$4:$AD$103)*12 | M7: =-SUMPRODUCT(('Original Data'!$AG$4:$AG$103>0)*('Original Data'!$AJ$4:$AJ$103<=0)*'Original Data'!$AG$4:$AG$103)*12 | N7: =-SUMPRODUCT(('Original Data'!$AJ$4:$AJ$103>0)*('Original Data'!$AM$4:$AM$103<=0)*'Original Data'!$AJ$4:$AJ$103)*12
A8: EoP ARR | B8: =SUM('Original Data'!$C$4:$C$103)*12 | C8: =SUM('Original Data'!$F$4:$F$103)*12 | D8: =SUM('Original Data'!$I$4:$I$103)*12 | E8: =SUM('Original Data'!$L$4:$L$103)*12 | F8: =SUM('Original Data'!$O$4:$O$103)*12 | G8: =SUM('Original Data'!$R$4:$R$103)*12 | H8: =SUM('Original Data'!$U$4:$U$103)*12 | I8: =SUM('Original Data'!$X$4:$X$103)*12 | J8: =SUM('Original Data'!$AA$4:$AA$103)*12 | K8: =SUM('Original Data'!$AD$4:$AD$103)*12 | L8: =SUM('Original Data'!$AG$4:$AG$103)*12 | M8: =SUM('Original Data'!$AJ$4:$AJ$103)*12 | N8: =SUM('Original Data'!$AM$4:$AM$103)*12
A9: % Growth QoQ Annualized | C9: =IF(C3=0,0,(C8/C3)^4-1) | D9: =IF(D3=0,0,(D8/D3)^4-1) | E9: =IF(E3=0,0,(E8/E3)^4-1) | F9: =IF(F3=0,0,(F8/F3)^4-1) | G9: =IF(G3=0,0,(G8/G3)^4-1) | H9: =IF(H3=0,0,(H8/H3)^4-1) | I9: =IF(I3=0,0,(I8/I3)^4-1) | J9: =IF(J3=0,0,(J8/J3)^4-1) | ... N9: =IF(N3=0,0,(N8/N3)^4-1)
A10: % Growth QoQ | C10: =IF(C3=0,0,C8/C3-1) | D10: =IF(D3=0,0,D8/D3-1) | E10: =IF(E3=0,0,E8/E3-1) | F10: =IF(F3=0,0,F8/F3-1) | G10: =IF(G3=0,0,G8/G3-1) | H10: =IF(H3=0,0,H8/H3-1) | I10: =IF(I3=0,0,I8/I3-1) | J10: =IF(J3=0,0,J8/J3-1) | ... N10: =IF(N3=0,0,N8/N3-1)
A11: % Growth YoY | F11: =IF(B8=0,0,F8/B8-1) | G11: =IF(C8=0,0,G8/C8-1) | H11: =IF(D8=0,0,H8/D8-1) | I11: =IF(E8=0,0,I8/E8-1) | J11: =IF(F8=0,0,J8/F8-1) | K11: =IF(G8=0,0,K8/G8-1) | L11: =IF(H8=0,0,L8/H8-1) | M11: =IF(I8=0,0,M8/I8-1) | N11: =IF(J8=0,0,N8/J8-1)
A12: Net New ARR QoQ | C12: =C8-C3 | D12: =D8-D3 | E12: =E8-E3 | F12: =F8-F3 | G12: =G8-G3 | H12: =H8-H3 | I12: =I8-I3 | J12: =J8-J3 | ... N12: =N8-N3
A13: New + Upsell QoQ | C13: =C4+C5 | D13: =D4+D5 | E13: =E4+E5 | F13: =F4+F5 | G13: =G4+G5 | H13: =H4+H5 | I13: =I4+I5 | J13: =J4+J5 | ... N13: =N4+N5
A14: Downsell + Churn QoQ | C14: =C6+C7 | D14: =D6+D7 | E14: =E6+E7 | F14: =F6+F7 | G14: =G6+G7 | H14: =H6+H7 | I14: =I6+I7 | J14: =J6+J7 | ... N14: =N6+N7
A15: Gross Retention (QoQ Annualized) | C15: =IF(C3=0,0,((C3+C6+C7)/C3)^4) | D15: =IF(D3=0,0,((D3+D6+D7)/D3)^4) | E15: =IF(E3=0,0,((E3+E6+E7)/E3)^4) | F15: =IF(F3=0,0,((F3+F6+F7)/F3)^4) | G15: =IF(G3=0,0,((G3+G6+G7)/G3)^4) | H15: =IF(H3=0,0,((H3+H6+H7)/H3)^4) | I15: =IF(I3=0,0,((I3+I6+I7)/I3)^4) | J15: =IF(J3=0,0,((J3+J6+J7)/J3)^4) | ... N15: =IF(N3=0,0,((N3+N6+N7)/N3)^4)
A16: Loss-Only Retention (QoQ Annualized) | C16: =IF(C3=0,0,((C3+C7)/C3)^4) | D16: =IF(D3=0,0,((D3+D7)/D3)^4) | E16: =IF(E3=0,0,((E3+E7)/E3)^4) | F16: =IF(F3=0,0,((F3+F7)/F3)^4) | G16: =IF(G3=0,0,((G3+G7)/G3)^4) | H16: =IF(H3=0,0,((H3+H7)/H3)^4) | I16: =IF(I3=0,0,((I3+I7)/I3)^4) | J16: =IF(J3=0,0,((J3+J7)/J3)^4) | ... N16: =IF(N3=0,0,((N3+N7)/N3)^4)
A17: Net Retention (QoQ Annualized) | C17: =IF(C3=0,0,((C3+C5+C6+C7)/C3)^4) | D17: =IF(D3=0,0,((D3+D5+D6+D7)/D3)^4) | E17: =IF(E3=0,0,((E3+E5+E6+E7)/E3)^4) | F17: =IF(F3=0,0,((F3+F5+F6+F7)/F3)^4) | G17: =IF(G3=0,0,((G3+G5+G6+G7)/G3)^4) | H17: =IF(H3=0,0,((H3+H5+H6+H7)/H3)^4) | I17: =IF(I3=0,0,((I3+I5+I6+I7)/I3)^4) | J17: =IF(J3=0,0,((J3+J5+J6+J7)/J3)^4) | ... N17: =IF(N3=0,0,((N3+N5+N6+N7)/N3)^4)
A18: Gross Retention (LTM) | F18: =IF(C3=0,0,(C3+SUM(C6:F6)+SUM(C7:F7))/C3) | G18: =IF(D3=0,0,(D3+SUM(D6:G6)+SUM(D7:G7))/D3) | H18: =IF(E3=0,0,(E3+SUM(E6:H6)+SUM(E7:H7))/E3) | I18: =IF(F3=0,0,(F3+SUM(F6:I6)+SUM(F7:I7))/F3) | J18: =IF(G3=0,0,(G3+SUM(G6:J6)+SUM(G7:J7))/G3) | K18: =IF(H3=0,0,(H3+SUM(H6:K6)+SUM(H7:K7))/H3) | L18: =IF(I3=0,0,(I3+SUM(I6:L6)+SUM(I7:L7))/I3) | M18: =IF(J3=0,0,(J3+SUM(J6:M6)+SUM(J7:M7))/J3) | N18: =IF(K3=0,0,(K3+SUM(K6:N6)+SUM(K7:N7))/K3)
A19: Loss-Only Retention (LTM) | F19: =IF(C3=0,0,(C3+SUM(C7:F7))/C3) | G19: =IF(D3=0,0,(D3+SUM(D7:G7))/D3) | H19: =IF(E3=0,0,(E3+SUM(E7:H7))/E3) | I19: =IF(F3=0,0,(F3+SUM(F7:I7))/F3) | J19: =IF(G3=0,0,(G3+SUM(G7:J7))/G3) | K19: =IF(H3=0,0,(H3+SUM(H7:K7))/H3) | L19: =IF(I3=0,0,(I3+SUM(I7:L7))/I3) | M19: =IF(J3=0,0,(J3+SUM(J7:M7))/J3) | N19: =IF(K3=0,0,(K3+SUM(K7:N7))/K3)
A20: Net Retention (LTM) | F20: =IF(C3=0,0,(C3+SUM(C5:F5)+SUM(C6:F6)+SUM(C7:F7))/C3) | G20: =IF(D3=0,0,(D3+SUM(D5:G5)+SUM(D6:G6)+SUM(D7:G7))/D3) | H20: =IF(E3=0,0,(E3+SUM(E5:H5)+SUM(E6:H6)+SUM(E7:H7))/E3) | I20: =IF(F3=0,0,(F3+SUM(F5:I5)+SUM(F6:I6)+SUM(F7:I7))/F3) | J20: =IF(G3=0,0,(G3+SUM(G5:J5)+SUM(G6:J6)+SUM(G7:J7))/G3) | K20: =IF(H3=0,0,(H3+SUM(H5:K5)+SUM(H6:K6)+SUM(H7:K7))/H3) | L20: =IF(I3=0,0,(I3+SUM(I5:L5)+SUM(I6:L6)+SUM(I7:L7))/I3) | M20: =IF(J3=0,0,(J3+SUM(J5:M5)+SUM(J6:M6)+SUM(J7:M7))/J3) | N20: =IF(K3=0,0,(K3+SUM(K5:N5)+SUM(K6:N6)+SUM(K7:N7))/K3)
A21: Customer Waterfall
A22: BoP Customers | C22: =COUNTIF('Original Data'!$C$4:$C$103,">0") | D22: =COUNTIF('Original Data'!$F$4:$F$103,">0") | E22: =COUNTIF('Original Data'!$I$4:$I$103,">0") | F22: =COUNTIF('Original Data'!$L$4:$L$103,">0") | G22: =COUNTIF('Original Data'!$O$4:$O$103,">0") | H22: =COUNTIF('Original Data'!$R$4:$R$103,">0") | I22: =COUNTIF('Original Data'!$U$4:$U$103,">0") | J22: =COUNTIF('Original Data'!$X$4:$X$103,">0") | K22: =COUNTIF('Original Data'!$AA$4:$AA$103,">0") | L22: =COUNTIF('Original Data'!$AD$4:$AD$103,">0") | M22: =COUNTIF('Original Data'!$AG$4:$AG$103,">0") | N22: =COUNTIF('Original Data'!$AJ$4:$AJ$103,">0")
A23: New | C23: =SUMPRODUCT(('Original Data'!$C$4:$C$103<=0)*('Original Data'!$F$4:$F$103>0)*1) | D23: =SUMPRODUCT(('Original Data'!$F$4:$F$103<=0)*('Original Data'!$I$4:$I$103>0)*1) | E23: =SUMPRODUCT(('Original Data'!$I$4:$I$103<=0)*('Original Data'!$L$4:$L$103>0)*1) | F23: =SUMPRODUCT(('Original Data'!$L$4:$L$103<=0)*('Original Data'!$O$4:$O$103>0)*1) | G23: =SUMPRODUCT(('Original Data'!$O$4:$O$103<=0)*('Original Data'!$R$4:$R$103>0)*1) | H23: =SUMPRODUCT(('Original Data'!$R$4:$R$103<=0)*('Original Data'!$U$4:$U$103>0)*1) | I23: =SUMPRODUCT(('Original Data'!$U$4:$U$103<=0)*('Original Data'!$X$4:$X$103>0)*1) | J23: =SUMPRODUCT(('Original Data'!$X$4:$X$103<=0)*('Original Data'!$AA$4:$AA$103>0)*1) | K23: =SUMPRODUCT(('Original Data'!$AA$4:$AA$103<=0)*('Original Data'!$AD$4:$AD$103>0)*1) | L23: =SUMPRODUCT(('Original Data'!$AD$4:$AD$103<=0)*('Original Data'!$AG$4:$AG$103>0)*1) | M23: =SUMPRODUCT(('Original Data'!$AG$4:$AG$103<=0)*('Original Data'!$AJ$4:$AJ$103>0)*1) | N23: =SUMPRODUCT(('Original Data'!$AJ$4:$AJ$103<=0)*('Original Data'!$AM$4:$AM$103>0)*1)
A24: (Churn) | C24: =SUMPRODUCT(('Original Data'!$C$4:$C$103>0)*('Original Data'!$F$4:$F$103<=0)*1) | D24: =SUMPRODUCT(('Original Data'!$F$4:$F$103>0)*('Original Data'!$I$4:$I$103<=0)*1) | E24: =SUMPRODUCT(('Original Data'!$I$4:$I$103>0)*('Original Data'!$L$4:$L$103<=0)*1) | F24: =SUMPRODUCT(('Original Data'!$L$4:$L$103>0)*('Original Data'!$O$4:$O$103<=0)*1) | G24: =SUMPRODUCT(('Original Data'!$O$4:$O$103>0)*('Original Data'!$R$4:$R$103<=0)*1) | H24: =SUMPRODUCT(('Original Data'!$R$4:$R$103>0)*('Original Data'!$U$4:$U$103<=0)*1) | I24: =SUMPRODUCT(('Original Data'!$U$4:$U$103>0)*('Original Data'!$X$4:$X$103<=0)*1) | J24: =SUMPRODUCT(('Original Data'!$X$4:$X$103>0)*('Original Data'!$AA$4:$AA$103<=0)*1) | K24: =SUMPRODUCT(('Original Data'!$AA$4:$AA$103>0)*('Original Data'!$AD$4:$AD$103<=0)*1) | L24: =SUMPRODUCT(('Original Data'!$AD$4:$AD$103>0)*('Original Data'!$AG$4:$AG$103<=0)*1) | M24: =SUMPRODUCT(('Original Data'!$AG$4:$AG$103>0)*('Original Data'!$AJ$4:$AJ$103<=0)*1) | N24: =SUMPRODUCT(('Original Data'!$AJ$4:$AJ$103>0)*('Original Data'!$AM$4:$AM$103<=0)*1)
A25: EoP Customers | B25: =COUNTIF('Original Data'!$C$4:$C$103,">0") | C25: =COUNTIF('Original Data'!$F$4:$F$103,">0") | D25: =COUNTIF('Original Data'!$I$4:$I$103,">0") | E25: =COUNTIF('Original Data'!$L$4:$L$103,">0") | F25: =COUNTIF('Original Data'!$O$4:$O$103,">0") | G25: =COUNTIF('Original Data'!$R$4:$R$103,">0") | H25: =COUNTIF('Original Data'!$U$4:$U$103,">0") | I25: =COUNTIF('Original Data'!$X$4:$X$103,">0") | J25: =COUNTIF('Original Data'!$AA$4:$AA$103,">0") | K25: =COUNTIF('Original Data'!$AD$4:$AD$103,">0") | L25: =COUNTIF('Original Data'!$AG$4:$AG$103,">0") | M25: =COUNTIF('Original Data'!$AJ$4:$AJ$103,">0") | N25: =COUNTIF('Original Data'!$AM$4:$AM$103,">0")
A26: Net Logos Added | C26: =C23-C24 | D26: =D23-D24 | E26: =E23-E24 | F26: =F23-F24 | G26: =G23-G24 | H26: =H23-H24 | I26: =I23-I24 | J26: =J23-J24 | ... N26: =N23-N24
A27: Logo % Growth | C27: =IF(C22=0,0,C25/C22-1) | D27: =IF(D22=0,0,D25/D22-1) | E27: =IF(E22=0,0,E25/E22-1) | F27: =IF(F22=0,0,F25/F22-1) | G27: =IF(G22=0,0,G25/G22-1) | H27: =IF(H22=0,0,H25/H22-1) | I27: =IF(I22=0,0,I25/I22-1) | J27: =IF(J22=0,0,J25/J22-1) | ... N27: =IF(N22=0,0,N25/N22-1)
A28: Logo % Growth (YoY) | F28: =IF(B25=0,0,F25/B25-1) | G28: =IF(C25=0,0,G25/C25-1) | H28: =IF(D25=0,0,H25/D25-1) | I28: =IF(E25=0,0,I25/E25-1) | J28: =IF(F25=0,0,J25/F25-1) | K28: =IF(G25=0,0,K25/G25-1) | L28: =IF(H25=0,0,L25/H25-1) | M28: =IF(I25=0,0,M25/I25-1) | N28: =IF(J25=0,0,N25/J25-1)
A29: Gross Logo Retention (QoQ Annualized) | C29: =IF(C22=0,0,((C22-C24)/C22)^4) | D29: =IF(D22=0,0,((D22-D24)/D22)^4) | E29: =IF(E22=0,0,((E22-E24)/E22)^4) | F29: =IF(F22=0,0,((F22-F24)/F22)^4) | G29: =IF(G22=0,0,((G22-G24)/G22)^4) | H29: =IF(H22=0,0,((H22-H24)/H22)^4) | I29: =IF(I22=0,0,((I22-I24)/I22)^4) | J29: =IF(J22=0,0,((J22-J24)/J22)^4) | ... N29: =IF(N22=0,0,((N22-N24)/N22)^4)
A30: Gross Logo Retention (YoY) | F30: =IF(C22=0,0,(C22-SUM(C24:F24))/C22) | G30: =IF(D22=0,0,(D22-SUM(D24:G24))/D22) | H30: =IF(E22=0,0,(E22-SUM(E24:H24))/E22) | I30: =IF(F22=0,0,(F22-SUM(F24:I24))/F22) | J30: =IF(G22=0,0,(G22-SUM(G24:J24))/G22) | K30: =IF(H22=0,0,(H22-SUM(H24:K24))/H22) | L30: =IF(I22=0,0,(I22-SUM(I24:L24))/I22) | M30: =IF(J22=0,0,(J22-SUM(J24:M24))/J22) | N30: =IF(K22=0,0,(K22-SUM(K24:N24))/K22)
A31: Avg. Logo Size ($ Actuals) | C31: =IF(C25=0,0,C8/C25) | D31: =IF(D25=0,0,D8/D25) | E31: =IF(E25=0,0,E8/E25) | F31: =IF(F25=0,0,F8/F25) | G31: =IF(G25=0,0,G8/G25) | H31: =IF(H25=0,0,H8/H25) | I31: =IF(I25=0,0,I8/I25) | J31: =IF(J25=0,0,J8/J25) | ... N31: =IF(N25=0,0,N8/N25)
A32: Avg Logo Size QoQ Growth | D32: =IF(C31=0,0,D31/C31-1) | E32: =IF(D31=0,0,E31/D31-1) | F32: =IF(E31=0,0,F31/E31-1) | G32: =IF(F31=0,0,G31/F31-1) | H32: =IF(G31=0,0,H31/G31-1) | I32: =IF(H31=0,0,I31/H31-1) | J32: =IF(I31=0,0,J31/I31-1) | K32: =IF(J31=0,0,K31/J31-1) | ... N32: =IF(M31=0,0,N31/M31-1)
A33: Avg. New Logo Size ($ Actuals) | C33: =IF(OR(C23=0,C4=0),0,C4/C23) | D33: =IF(OR(D23=0,D4=0),0,D4/D23) | E33: =IF(OR(E23=0,E4=0),0,E4/E23) | F33: =IF(OR(F23=0,F4=0),0,F4/F23) | G33: =IF(OR(G23=0,G4=0),0,G4/G23) | H33: =IF(OR(H23=0,H4=0),0,H4/H23) | I33: =IF(OR(I23=0,I4=0),0,I4/I23) | J33: =IF(OR(J23=0,J4=0),0,J4/J23) | ... N33: =IF(OR(N23=0,N4=0),0,N4/N23)
A34: Avg New Logo Size QoQ Growth | D34: =IF(C33=0,0,D33/C33-1) | E34: =IF(D33=0,0,E33/D33-1) | F34: =IF(E33=0,0,F33/E33-1) | G34: =IF(F33=0,0,G33/F33-1) | H34: =IF(G33=0,0,H33/G33-1) | I34: =IF(H33=0,0,I33/H33-1) | J34: =IF(I33=0,0,J33/I33-1) | K34: =IF(J33=0,0,K33/J33-1) | ... N34: =IF(M33=0,0,N33/M33-1)
A35: Avg. Churned Logo Size ($ Actuals) | C35: =IF(OR(C24=0,C7=0),0,-C7/C24) | D35: =IF(OR(D24=0,D7=0),0,-D7/D24) | E35: =IF(OR(E24=0,E7=0),0,-E7/E24) | F35: =IF(OR(F24=0,F7=0),0,-F7/F24) | G35: =IF(OR(G24=0,G7=0),0,-G7/G24) | H35: =IF(OR(H24=0,H7=0),0,-H7/H24) | I35: =IF(OR(I24=0,I7=0),0,-I7/I24) | J35: =IF(OR(J24=0,J7=0),0,-J7/J24) | ... N35: =IF(OR(N24=0,N7=0),0,-N7/N24)
A36: Avg Churned Logo Size QoQ Growth | D36: =IF(C35=0,0,D35/C35-1) | E36: =IF(D35=0,0,E35/D35-1) | F36: =IF(E35=0,0,F35/E35-1) | G36: =IF(F35=0,0,G35/F35-1) | H36: =IF(G35=0,0,H35/G35-1) | I36: =IF(H35=0,0,I35/H35-1) | J36: =IF(I35=0,0,J35/I35-1) | K36: =IF(J35=0,0,K35/J35-1) | ... N36: =IF(M35=0,0,N35/M35-1)

Sheet Top Customers
A1: Top Customers as of Dec-25
A2: ($ Actuals) | C2: ARR | J2: $ Growth | O2: % Growth
A3: Rank | B3: Customer | C3: Dec-22 | D3: Dec-23 | E3: Dec-24 | F3: Dec-25 | G3: Dec-22 - Dec-25 CAGR | H3: % of Dec-25 ARR | I3: % Total Cum. | J3: Dec-22 - Dec-23 | K3: Dec-23 - Dec-24 | L3: Dec-24 - Dec-25 | M3: % of Dec-24 - Dec-25 Growth | N3: Mult. of Initial | O3: Dec-22 - Dec-23 | P3: Dec-23 - Dec-24 | Q3: Dec-24 - Dec-25 | R3: Customer Since
A4: 1 | B4: 61 | C4: ='Original Data'!$C$64*12 | D4: ='Original Data'!$O$64*12 | E4: ='Original Data'!$AA$64*12 | F4: ='Original Data'!$AM$64*12 | G4: =IF(C4=0,0,(F4/C4)^(1/3)-1) | H4: =IF(F17=0,0,F4/F17) | I4: =SUM(H$4:H4) | J4: =D4-C4 | K4: =E4-D4 | L4: =F4-E4 | M4: =IF(L17=0,0,L4/L17) | N4: =IF(C4=0,0,F4/C4) | O4: =IF(C4=0,0,D4/C4-1) | P4: =IF(D4=0,0,E4/D4-1) | Q4: =IF(E4=0,0,F4/E4-1) | R4: Dec-22
A5: 2 | B5: 2 | C5: ='Original Data'!$C$5*12 | D5: ='Original Data'!$O$5*12 | E5: ='Original Data'!$AA$5*12 | F5: ='Original Data'!$AM$5*12 | G5: =IF(C5=0,0,(F5/C5)^(1/3)-1) | H5: =IF(F17=0,0,F5/F17) | I5: =SUM(H$4:H5) | J5: =D5-C5 | K5: =E5-D5 | L5: =F5-E5 | M5: =IF(L17=0,0,L5/L17) | N5: =IF(C5=0,0,F5/C5) | O5: =IF(C5=0,0,D5/C5-1) | P5: =IF(D5=0,0,E5/D5-1) | Q5: =IF(E5=0,0,F5/E5-1) | R5: Dec-22
A6: 3 | B6: 13 | C6: ='Original Data'!$C$16*12 | D6: ='Original Data'!$O$16*12 | E6: ='Original Data'!$AA$16*12 | F6: ='Original Data'!$AM$16*12 | G6: =IF(C6=0,0,(F6/C6)^(1/3)-1) | H6: =IF(F17=0,0,F6/F17) | I6: =SUM(H$4:H6) | J6: =D6-C6 | K6: =E6-D6 | L6: =F6-E6 | M6: =IF(L17=0,0,L6/L17) | N6: =IF(C6=0,0,F6/C6) | O6: =IF(C6=0,0,D6/C6-1) | P6: =IF(D6=0,0,E6/D6-1) | Q6: =IF(E6=0,0,F6/E6-1) | R6: Dec-22
A7: 4 | B7: 53 | C7: ='Original Data'!$C$56*12 | D7: ='Original Data'!$O$56*12 | E7: ='Original Data'!$AA$56*12 | F7: ='Original Data'!$AM$56*12 | G7: =IF(C7=0,0,(F7/C7)^(1/3)-1) | H7: =IF(F17=0,0,F7/F17) | I7: =SUM(H$4:H7) | J7: =D7-C7 | K7: =E7-D7 | L7: =F7-E7 | M7: =IF(L17=0,0,L7/L17) | N7: =IF(C7=0,0,F7/C7) | O7: =IF(C7=0,0,D7/C7-1) | P7: =IF(D7=0,0,E7/D7-1) | Q7: =IF(E7=0,0,F7/E7-1) | R7: Dec-22
A8: 5 | B8: 94 | C8: ='Original Data'!$C$97*12 | D8: ='Original Data'!$O$97*12 | E8: ='Original Data'!$AA$97*12 | F8: ='Original Data'!$AM$97*12 | G8: =IF(C8=0,0,(F8/C8)^(1/3)-1) | H8: =IF(F17=0,0,F8/F17) | I8: =SUM(H$4:H8) | J8: =D8-C8 | K8: =E8-D8 | L8: =F8-E8 | M8: =IF(L17=0,0,L8/L17) | N8: =IF(C8=0,0,F8/C8) | O8: =IF(C8=0,0,D8/C8-1) | P8: =IF(D8=0,0,E8/D8-1) | Q8: =IF(E8=0,0,F8/E8-1) | R8: Dec-22
A9: 6 | B9: 31 | C9: ='Original Data'!$C$34*12 | D9: ='Original Data'!$O$34*12 | E9: ='Original Data'!$AA$34*12 | F9: ='Original Data'!$AM$34*12 | G9: =IF(C9=0,0,(F9/C9)^(1/3)-1) | H9: =IF(F17=0,0,F9/F17) | I9: =SUM(H$4:H9) | J9: =D9-C9 | K9: =E9-D9 | L9: =F9-E9 | M9: =IF(L17=0,0,L9/L17) | N9: =IF(C9=0,0,F9/C9) | O9: =IF(C9=0,0,D9/C9-1) | P9: =IF(D9=0,0,E9/D9-1) | Q9: =IF(E9=0,0,F9/E9-1) | R9: Mar-23
A10: 7 | B10: 51 | C10: ='Original Data'!$C$54*12 | D10: ='Original Data'!$O$54*12 | E10: ='Original Data'!$AA$54*12 | F10: ='Original Data'!$AM$54*12 | G10: =IF(C10=0,0,(F10/C10)^(1/3)-1) | H10: =IF(F17=0,0,F10/F17) | I10: =SUM(H$4:H10) | J10: =D10-C10 | K10: =E10-D10 | L10: =F10-E10 | M10: =IF(L17=0,0,L10/L17) | N10: =IF(C10=0,0,F10/C10) | O10: =IF(C10=0,0,D10/C10-1) | P10: =IF(D10=0,0,E10/D10-1) | Q10: =IF(E10=0,0,F10/E10-1) | R10: Dec-22
A11: 8 | B11: 62 | C11: ='Original Data'!$C$65*12 | D11: ='Original Data'!$O$65*12 | E11: ='Original Data'!$AA$65*12 | F11: ='Original Data'!$AM$65*12 | G11: =IF(C11=0,0,(F11/C11)^(1/3)-1) | H11: =IF(F17=0,0,F11/F17) | I11: =SUM(H$4:H11) | J11: =D11-C11 | K11: =E11-D11 | L11: =F11-E11 | M11: =IF(L17=0,0,L11/L17) | N11: =IF(C11=0,0,F11/C11) | O11: =IF(C11=0,0,D11/C11-1) | P11: =IF(D11=0,0,E11/D11-1) | Q11: =IF(E11=0,0,F11/E11-1) | R11: Jun-25
A12: 9 | B12: 68 | C12: ='Original Data'!$C$71*12 | D12: ='Original Data'!$O$71*12 | E12: ='Original Data'!$AA$71*12 | F12: ='Original Data'!$AM$71*12 | G12: =IF(C12=0,0,(F12/C12)^(1/3)-1) | H12: =IF(F17=0,0,F12/F17) | I12: =SUM(H$4:H12) | J12: =D12-C12 | K12: =E12-D12 | L12: =F12-E12 | M12: =IF(L17=0,0,L12/L17) | N12: =IF(C12=0,0,F12/C12) | O12: =IF(C12=0,0,D12/C12-1) | P12: =IF(D12=0,0,E12/D12-1) | Q12: =IF(E12=0,0,F12/E12-1) | R12: Jun-25
A13: 10 | B13: 91 | C13: ='Original Data'!$C$94*12 | D13: ='Original Data'!$O$94*12 | E13: ='Original Data'!$AA$94*12 | F13: ='Original Data'!$AM$94*12 | G13: =IF(C13=0,0,(F13/C13)^(1/3)-1) | H13: =IF(F17=0,0,F13/F17) | I13: =SUM(H$4:H13) | J13: =D13-C13 | K13: =E13-D13 | L13: =F13-E13 | M13: =IF(L17=0,0,L13/L17) | N13: =IF(C13=0,0,F13/C13) | O13: =IF(C13=0,0,D13/C13-1) | P13: =IF(D13=0,0,E13/D13-1) | Q13: =IF(E13=0,0,F13/E13-1) | R13: Dec-22
B14: Total Top 10 | C14: =SUM(C4:C13) | D14: =SUM(D4:D13) | E14: =SUM(E4:E13) | F14: =SUM(F4:F13) | G14: =IF(C14=0,0,(F14/C14)^(1/3)-1) | H14: =IF(F17=0,0,F14/F17) | I14: =SUM(H4:H13) | J14: =SUM(J4:J13) | K14: =SUM(K4:K13) | L14: =SUM(L4:L13) | M14: =IF(L17=0,0,L14/L17) | N14: =IF(C14=0,0,F14/C14) | O14: =IF(C14=0,0,D14/C14-1) | P14: =IF(D14=0,0,E14/D14-1) | Q14: =IF(E14=0,0,F14/E14-1)
B16: Other (90 Customers) | C16: =C17-C14 | D16: =D17-D14 | E16: =E17-E14 | F16: =F17-F14 | G16: =IF(C16=0,0,(F16/C16)^(1/3)-1) | H16: =IF(F17=0,0,F16/F17) | J16: =J17-J14 | K16: =K17-K14 | L16: =L17-L14 | M16: =IF(L17=0,0,L16/L17) | N16: =IF(C16=0,0,F16/C16) | O16: =IF(C16=0,0,D16/C16-1) | P16: =IF(D16=0,0,E16/D16-1) | Q16: =IF(E16=0,0,F16/E16-1)
B17: Total Customers | C17: =SUM('Original Data'!$C$4:$C$103)*12 | D17: =SUM('Original Data'!$O$4:$O$103)*12 | E17: =SUM('Original Data'!$AA$4:$AA$103)*12 | F17: =SUM('Original Data'!$AM$4:$AM$103)*12 | G17: =IF(C17=0,0,(F17/C17)^(1/3)-1) | H17: =IF(F17=0,0,F17/F17) | I17: =IF(F17=0,0,F17/F17) | J17: =D17-C17 | K17: =E17-D17 | L17: =F17-E17 | M17: =IF(L17=0,0,L17/L17) | N17: =IF(C17=0,0,F17/C17) | O17: =IF(C17=0,0,D17/C17-1) | P17: =IF(D17=0,0,E17/D17-1) | Q17: =IF(E17=0,0,F17/E17-1)
B19: Total Top 5 | C19: =SUM(C4:C8) | D19: =SUM(D4:D8) | E19: =SUM(E4:E8) | F19: =SUM(F4:F8) | G19: =IF(C19=0,0,(F19/C19)^(1/3)-1) | H19: =IF(F17=0,0,F19/F17) | I19: =SUM(H4:H8) | J19: =SUM(J4:J8) | K19: =SUM(K4:K8) | L19: =SUM(L4:L8) | M19: =IF(L17=0,0,L19/L17) | N19: =IF(C19=0,0,F19/C19) | O19: =IF(C19=0,0,D19/C19-1) | P19: =IF(D19=0,0,E19/D19-1) | Q19: =IF(E19=0,0,F19/E19-1)
B20: Total Top 10 | C20: =SUM(C4:C13) | D20: =SUM(D4:D13) | E20: =SUM(E4:E13) | F20: =SUM(F4:F13) | G20: =IF(C20=0,0,(F20/C20)^(1/3)-1) | H20: =IF(F17=0,0,F20/F17) | I20: =SUM(H4:H13) | J20: =SUM(J4:J13) | K20: =SUM(K4:K13) | L20: =SUM(L4:L13) | M20: =IF(L17=0,0,L20/L17) | N20: =IF(C20=0,0,F20/C20) | O20: =IF(C20=0,0,D20/C20-1) | P20: =IF(D20=0,0,E20/D20-1) | Q20: =IF(E20=0,0,F20/E20-1)

Sheet Original Data
B3: Customers | C3: 44926 | D3: 44957 | E3: 44985 | F3: 45016 | G3: 45046 | H3: 45077 | I3: 45107 | J3: 45138 | K3: 45169 | L3: 45199 | M3: 45230 | N3: 45260 | O3: 45291 | P3: 45322 | Q3: 45351 | R3: 45382 | S3: 45412 | T3: 45443 | U3: 45473 | V3: 45504 | W3: 45535 | X3: 45565 | Y3: 45596 | Z3: 45626 | AA3: 45657 | AB3: 45688 | AC3: 45716 | AD3: 45747 | AE3: 45777 | AF3: 45808 | AG3: 45838 | AH3: 45869 | AI3: 45900 | AJ3: 45930 | AK3: 45961 | AL3: 45991 | AM3: 46022
B4: 1 | C4: 179 | D4: 179 | E4: 179 | F4: 179 | G4: 179 | H4: 179 | I4: 179 | J4: 179 | K4: 179 | L4: 179 | M4: 179 | N4: 179 | O4: 179 | P4: 179 | Q4: 179 | R4: 179 | S4: 179 | T4: 179 | U4: 179 | V4: 179 | W4: 179 | X4: 179 | Y4: 179 | Z4: 179 | AA4: 185.27 | AB4: 185.27 | AC4: 185.27 | AD4: 185.27 | AE4: 185.27 | AF4: 185.27 | AG4: 185.27 | AH4: 185.27 | AI4: 185.27 | AJ4: 185.27 | AK4: 185.27 | AL4: 185.27 | AM4: 185.27
B5: 2 | C5: 362.15 | D5: 362.15 | E5: 359 | F5: 359 | G5: 359 | H5: 359 | I5: 359.3 | J5: 359 | K5: 359 | L5: 359 | M5: 359 | N5: 359 | O5: 359 | P5: 359 | Q5: 359 | R5: 359 | S5: 359 | T5: 359 | U5: 359 | V5: 359 | W5: 359 | X5: 359 | Y5: 359 | Z5: 359 | AA5: 359 | AB5: 399 | AC5: 399 | AD5: 399 | AE5: 399 | AF5: 399 | AG5: 399 | AH5: 399 | AI5: 399 | AJ5: 399 | AK5: 399 | AL5: 399 | AM5: 399
B6: 3 | C6: 296.1 | D6: 296.1 | E6: 296.1 | F6: 296.1 | G6: 296.1 | H6: 296.1 | I6: 296.1 | J6: 296.1 | K6: 296.1 | L6: 296.1 | M6: 296.1 | N6: 296.1 | O6: 296.1 | P6: 296.1 | Q6: 296.1 | R6: 296.1 | S6: 296.1 | T6: 296.1 | U6: 296.1 | V6: 296.1 | W6: 296.1 | X6: 296.1 | Y6: 296.1 | Z6: 296.1 | AA6: 296.1 | AB6: 296.1 | AC6: 296.1 | AD6: 296.1 | AE6: 306.46 | AF6: 306.46 | AG6: 306.46 | AH6: 306.46 | AI6: 306.46 | AJ6: 306.46 | AK6: 306.46 | AL6: 306.46 | AM6: 306.46
B7: 4 | C7: 289 | D7: 289 | E7: 289 | F7: 289 | G7: 289 | H7: 289 | I7: 289 | J7: 289 | K7: 289 | L7: 289 | M7: 289 | N7: 289 | O7: 289 | P7: 289 | Q7: 289 | R7: 289 | S7: 289 | T7: 289 | U7: 289 | V7: 289 | W7: 289 | X7: 289 | Y7: 289 | Z7: 289 | AA7: 289 | AB7: 289 | AC7: 289 | AD7: 289 | AE7: 289 | AF7: 289 | AG7: 289 | AH7: 289 | AI7: 289 | AJ7: 289 | AK7: 289 | AL7: 289 | AM7: 289
B8: 5 | C8: 223 | D8: 223 | E8: 223 | F8: 223 | G8: 223 | H8: 223 | I8: 223 | J8: 223 | K8: 234.15 | L8: 234.15 | M8: 210.74 | N8: 210.74 | O8: 210.74 | P8: 210.74 | Q8: 210.74 | R8: 210.74 | S8: 210.74 | T8: 210.74 | U8: 210.74 | V8: 210.74 | W8: 218.12 | X8: 218.12 | Y8: 218.12 | Z8: 218.12 | AA8: 218.12 | AB8: 218.12 | AC8: 218.12 | AD8: 218.12 | AE8: 218.12 | AF8: 218.12 | AG8: 218.12 | AH8: 218.12 | AI8: 218.12 | AJ8: 225.75 | AK8: 225.75 | AL8: 225.75 | AM8: 225.75
B9: 6 | C9: 279 | D9: 279 | E9: 279 | F9: 279 | G9: 279 | H9: 378 | I9: 279 | J9: 279 | K9: 279 | L9: 279 | M9: 279 | N9: 279 | O9: 279 | P9: 279 | Q9: 279 | R9: 279 | S9: 279 | T9: 279 | U9: 279 | V9: 279 | W9: 279 | X9: 279 | Y9: 279 | Z9: 279 | AA9: 279 | AB9: 279 | AC9: 279 | AD9: 279 | AE9: 279 | AF9: 288.77 | AG9: 288.77 | AH9: 288.77 | AI9: 288.77 | AJ9: 288.77 | AK9: 288.77 | AL9: 288.77 | AM9: 288.77
B10: 7 | C10: 170.05 | D10: 170.05 | E10: 170.05 | F10: 170.05 | G10: 170.05 | H10: 170.05 | I10: 170.05 | J10: 170.05 | K10: 170.05 | L10: 170.05 | M10: 179 | N10: 179 | O10: 179 | P10: 179 | Q10: 179 | R10: 179 | S10: 179 | T10: 179 | U10: 179 | V10: 179 | W10: 179 | X10: 179 | Y10: 179 | Z10: 179 | AA10: 179 | AB10: 179 | AC10: 179 | AD10: 179 | AE10: 179 | AF10: 185.27 | AG10: 185.27 | AH10: 185.27 | AI10: 185.27 | AJ10: 185.27 | AK10: 185.27 | AL10: 185.27 | AM10: 185.27
B11: 8 | C11: 99 | D11: 99 | E11: 99 | F11: 99 | G11: 99 | H11: 99 | I11: 99 | J11: 99 | K11: 99 | L11: 99 | M11: 99 | N11: 99 | O11: 99 | P11: 28.71 | Q11: 0 | R11: 0 | S11: 0 | T11: 0 | U11: 0 | V11: 0 | W11: 0 | X11: 0 | Y11: 0 | Z11: 0 | AA11: 0 | AB11: 0 | AC11: 0 | AD11: 0 | AE11: 0 | AF11: 0 | AG11: 0 | AH11: 0 | AI11: 0 | AJ11: 0 | AK11: 0 | AL11: 0 | AM11: 0
B12: 9 | C12: 229 | D12: 229 | E12: 229 | F12: 229 | G12: 229 | H12: 229 | I12: 229 | J12: 229 | K12: 229 | L12: 229 | M12: 229 | N12: 229 | O12: 229 | P12: 229 | Q12: 229 | R12: 229 | S12: 229 | T12: 229 | U12: 229 | V12: 229 | W12: 229 | X12: 229 | Y12: 229 | Z12: 229 | AA12: 229 | AB12: 229 | AC12: 229 | AD12: 229 | AE12: 229 | AF12: 229 | AG12: 229 | AH12: 229 | AI12: 237.02 | AJ12: 237.02 | AK12: 237.02 | AL12: 237.02 | AM12: 237.02
B13: 10 | C13: 279 | D13: 279 | E13: 279 | F13: 279 | G13: 279 | H13: 279 | I13: 179 | J13: 179 | K13: 179 | L13: 179 | M13: 179 | N13: 179 | O13: 179 | P13: 179 | Q13: 179 | R13: 179 | S13: 179 | T13: 179 | U13: 179 | V13: 179 | W13: 179 | X13: 179 | Y13: 179 | Z13: 179 | AA13: 179 | AB13: 179 | AC13: 179 | AD13: 179 | AE13: 179 | AF13: 179 | AG13: 179 | AH13: 179 | AI13: 179 | AJ13: 185.27 | AK13: 185.27 | AL13: 185.27 | AM13: 185.27
B14: 11 | C14: 170.05 | D14: 170.05 | E14: 170.05 | F14: 170.05 | G14: 170.05 | H14: 170.05 | I14: 170.05 | J14: 170.05 | K14: 170.05 | L14: 170.05 | M14: 179 | N14: 179 | O14: 179 | P14: 179 | Q14: 179 | R14: 179 | S14: 179 | T14: 179 | U14: 179 | V14: 179 | W14: 179 | X14: 179 | Y14: 179 | Z14: 179 | AA14: 179 | AB14: 179 | AC14: 179 | AD14: 179 | AE14: 179 | AF14: 179 | AG14: 179 | AH14: 179 | AI14: 179 | AJ14: 179 | AK14: 179 | AL14: 179 | AM14: 179
B15: 12 | C15: 284.05 | D15: 284.05 | E15: 284.05 | F15: 284.05 | G15: 284.05 | H15: 284.05 | I15: 290.03 | J15: 290.03 | K15: 290.03 | L15: 290.03 | M15: 281.33 | N15: 281.33 | O15: 281.33 | P15: 281.33 | Q15: 281.33 | R15: 281.33 | S15: 281.33 | T15: 290.03 | U15: 290.03 | V15: 290.03 | W15: 290.03 | X15: 290.03 | Y15: 290.03 | Z15: 300.19 | AA15: 300.19 | AB15: 300.19 | AC15: 300.19 | AD15: 300.19 | AE15: 294 | AF15: 294 | AG15: 294 | AH15: 294 | AI15: 294 | AJ15: 294 | AK15: 294 | AL15: 294 | AM15: 294
... B103: 100 | C103: 259 | D103: 259 | E103: 259 | F103: 259 | G103: 259 | H103: 259 | I103: 259 | J103: 259 | K103: 259 | L103: 259 | M103: 259 | N103: 259 | O103: 259 | P103: 259 | Q103: 259 | R103: 259 | S103: 259 | T103: 259 | U103: 259 | V103: 259 | W103: 259 | X103: 279 | Y103: 279 | Z103: 279 | AA103: 279 | AB103: 0 | AC103: 0 | AD103: 0 | AE103: 0 | AF103: 0 | AG103: 0 | AH103: 0 | AI103: 0 | AJ103: 0 | AK103: 0 | AL103: 0 | AM103: 0
