Workbook

Sheet ToC
C3: Table of Contents
C6: Units
C7: Input Units | E7: Actuals
C8: Output Units | E8: Actuals
C9: Currency | E9: USD
C10: Units Scalar | E10: {=10^(_xlfn.SWITCH(ToC!$E$8,"Millions",6,"Thousands",3,"Billions",9,"Actuals",0)-_xlfn.SWITCH(ToC!$E$7,"Millions",6,"Thousands",3,"Billions",9,"Actuals",0))} -> 1
C11: Units Abbreviation | E11: {=_xlfn.SWITCH(ToC!$E$8,"Millions","Ms","Thousands","Ks","Billions","Bs","Actuals","Actuals")} -> Actuals
C12: Currency Symbol | E12: {=_xlfn.SWITCH(ToC!$E$9,"EUR","€","GBP","£","AUD","A$","CNY","CN¥","HKD","HK$","INR","₹","JPY","¥","KRW","₩","SGD","S$","CAD","C$","CHF","CHF","NZD","NZ$","SEK","SEK","NOK","NOK","$")} -> $
C14: Annualization
C15: MRR Annualization | E15: 12
C17: Waterfalls
C18: Waterfall Charts | E18: Consolidated view of all waterfall charts
C19: Annual Waterfall | E19: Annual waterfall analysis
C20: Quarterly Waterfall | E20: Quarterly waterfall analysis
C21: Rolling LTM Waterfall | E21: LTM waterfall analysis
C23: Customers
C24: Top Customers | E24: Consolidated customer ranking analysis

Sheet Checks
A1: Worksheet | B1: Check Name | C1: Sum | D1: Status | E1: Data Sum
A2: AnnualWaterfall | B2: ARR | C2: =ROUND(SUM('Annual Waterfall'!D68:G68),4) -> 0 | D2: =IF(ABS(C2)>0.01,"Fail",IF(OR(E2="",E2>0.000001),"Pass",IF(AND(E2=0,C2=0),"Pass (No Data)","No Data"))) -> Pass | E2: {=SUMPRODUCT(ABS('Annual Waterfall'!D15:G15))} -> 898837.68
A3: AnnualWaterfall | B3: CustomerCount | C3: =ROUND(SUM('Annual Waterfall'!D69:G69),4) -> 0 | D3: =IF(ABS(C3)>0.01,"Fail",IF(OR(E3="",E3>0.000001),"Pass",IF(AND(E3=0,C3=0),"Pass (No Data)","No Data"))) -> Pass | E3: {=SUMPRODUCT(ABS('Annual Waterfall'!D51:G51))} -> 323
A4: LTMWaterfall | B4: ARR | C4: =ROUND(SUM('LTM Waterfall'!D68:AB68),4) -> 0 | D4: =IF(ABS(C4)>0.01,"Fail",IF(OR(E4="",E4>0.000001),"Pass",IF(AND(E4=0,C4=0),"Pass (No Data)","No Data"))) -> Pass | E4: {=SUMPRODUCT(ABS('LTM Waterfall'!D15:AB15))} -> 5638312.3
A5: LTMWaterfall | B5: CustomerCount | C5: =ROUND(SUM('LTM Waterfall'!D69:AB69),4) -> 0 | D5: =IF(ABS(C5)>0.01,"Fail",IF(OR(E5="",E5>0.000001),"Pass",IF(AND(E5=0,C5=0),"Pass (No Data)","No Data"))) -> Pass | E5: {=SUMPRODUCT(ABS('LTM Waterfall'!D51:AB51))} -> 2008
A6: QuarterlyWaterfall | B6: ARR | C6: =ROUND(SUM('Quarterly Waterfall'!D81:P81),4) -> 0 | D6: =IF(ABS(C6)>0.01,"Fail",IF(OR(E6="",E6>0.000001),"Pass",IF(AND(E6=0,C6=0),"Pass (No Data)","No Data"))) -> Pass | E6: {=SUMPRODUCT(ABS('Quarterly Waterfall'!D15:P15))} -> 2932190
A7: QuarterlyWaterfall | B7: CustomerCount | C7: =ROUND(SUM('Quarterly Waterfall'!D82:P82),4) -> 0 | D7: =IF(ABS(C7)>0.01,"Fail",IF(OR(E7="",E7>0.000001),"Pass",IF(AND(E7=0,C7=0),"Pass (No Data)","No Data"))) -> Pass | E7: {=SUMPRODUCT(ABS('Quarterly Waterfall'!D62:P62))} -> 1057
A8: SourceData | B8: Total ARR (Churned Customers) | C8: =ROUND(SUM('Quikirr Data'!C110:AM110),4) -> 0 | D8: =IF(ABS(C8)>0.01,"Fail",IF(OR(E8="",E8>0.000001),"Pass",IF(AND(E8=0,C8=0),"Pass (No Data)","No Data"))) -> Pass | E8: =""
A9: SourceData | B9: Total ARR (Downsell Customers) | C9: =ROUND(SUM('Quikirr Data'!C109:AM109),4) -> 0 | D9: =IF(ABS(C9)>0.01,"Fail",IF(OR(E9="",E9>0.000001),"Pass",IF(AND(E9=0,C9=0),"Pass (No Data)","No Data"))) -> Pass | E9: =""
A10: SourceData | B10: Total ARR (New Customers) | C10: =ROUND(SUM('Quikirr Data'!C107:AM107),4) -> 0 | D10: =IF(ABS(C10)>0.01,"Fail",IF(OR(E10="",E10>0.000001),"Pass",IF(AND(E10=0,C10=0),"Pass (No Data)","No Data"))) -> Pass | E10: =""
A11: SourceData | B11: ARR - Overall | C11: =ROUND(SUM('Quikirr Data'!C106:AM106),4) -> 0 | D11: =IF(ABS(C11)>0.01,"Fail",IF(OR(E11="",E11>0.000001),"Pass",IF(AND(E11=0,C11=0),"Pass (No Data)","No Data"))) -> Pass | E11: =""
A12: SourceData | B12: Total ARR (Upsell Customers) | C12: =ROUND(SUM('Quikirr Data'!C108:AM108),4) -> 0 | D12: =IF(ABS(C12)>0.01,"Fail",IF(OR(E12="",E12>0.000001),"Pass",IF(AND(E12=0,C12=0),"Pass (No Data)","No Data"))) -> Pass | E12: =""
A13: TopCustomers | B13: Total ARR (All Customers) | C13: =ROUND(SUM('Top Customers'!F131:I131),4) -> 0 | D13: =IF(ABS(C13)>0.01,"Fail",IF(OR(E13="",E13>0.000001),"Pass",IF(AND(E13=0,C13=0),"Pass (No Data)","No Data"))) -> Pass | E13: {=SUMPRODUCT(ABS('Top Customers'!F27:I27))} -> 898837.68
A14: TopCustomers | B14: Top N + Other = Total ARR (All Customers) | C14: =ROUND(SUM('Top Customers'!F132:I132),4) -> 0 | D14: =IF(ABS(C14)>0.01,"Fail",IF(OR(E14="",E14>0.000001),"Pass",IF(AND(E14=0,C14=0),"Pass (No Data)","No Data"))) -> Pass | E14: {=SUMPRODUCT(ABS('Top Customers'!F27:I27))} -> 898837.68
A15: TopCustomers | B15: Total ARR (Churned Customers) | C15: =ROUND(SUM('Top Customers'!F139:I139),4) -> 0 | D15: =IF(ABS(C15)>0.01,"Fail",IF(OR(E15="",E15>0.000001),"Pass",IF(AND(E15=0,C15=0),"Pass (No Data)","No Data"))) -> Pass | E15: {=SUMPRODUCT(ABS('Top Customers'!F27:I27))} -> 898837.68
A16: TopCustomers | B16: Top N + Other = Total ARR (Churned Customers) | C16: =ROUND(SUM('Top Customers'!F140:I140),4) -> 0 | D16: =IF(ABS(C16)>0.01,"Fail",IF(OR(E16="",E16>0.000001),"Pass",IF(AND(E16=0,C16=0),"Pass (No Data)","No Data"))) -> Pass | E16: {=SUMPRODUCT(ABS('Top Customers'!F27:I27))} -> 898837.68
A17: TopCustomers | B17: Total ARR (Downsell Customers) | C17: =ROUND(SUM('Top Customers'!F137:I137),4) -> 0 | D17: =IF(ABS(C17)>0.01,"Fail",IF(OR(E17="",E17>0.000001),"Pass",IF(AND(E17=0,C17=0),"Pass (No Data)","No Data"))) -> Pass | E17: {=SUMPRODUCT(ABS('Top Customers'!F27:I27))} -> 898837.68
A18: TopCustomers | B18: Top N + Other = Total ARR (Downsell Customers) | C18: =ROUND(SUM('Top Customers'!F138:I138),4) -> 0 | D18: =IF(ABS(C18)>0.01,"Fail",IF(OR(E18="",E18>0.000001),"Pass",IF(AND(E18=0,C18=0),"Pass (No Data)","No Data"))) -> Pass | E18: {=SUMPRODUCT(ABS('Top Customers'!F27:I27))} -> 898837.68
A19: TopCustomers | B19: Total ARR (New Customers) | C19: =ROUND(SUM('Top Customers'!F133:I133),4) -> 0 | D19: =IF(ABS(C19)>0.01,"Fail",IF(OR(E19="",E19>0.000001),"Pass",IF(AND(E19=0,C19=0),"Pass (No Data)","No Data"))) -> Pass | E19: {=SUMPRODUCT(ABS('Top Customers'!F27:I27))} -> 898837.68
A20: TopCustomers | B20: Top N + Other = Total ARR (New Customers) | C20: =ROUND(SUM('Top Customers'!F134:I134),4) -> 0 | D20: =IF(ABS(C20)>0.01,"Fail",IF(OR(E20="",E20>0.000001),"Pass",IF(AND(E20=0,C20=0),"Pass (No Data)","No Data"))) -> Pass | E20: {=SUMPRODUCT(ABS('Top Customers'!F27:I27))} -> 898837.68
A21: TopCustomers | B21: Total ARR (Upsell Customers) | C21: =ROUND(SUM('Top Customers'!F135:I135),4) -> 0 | D21: =IF(ABS(C21)>0.01,"Fail",IF(OR(E21="",E21>0.000001),"Pass",IF(AND(E21=0,C21=0),"Pass (No Data)","No Data"))) -> Pass | E21: {=SUMPRODUCT(ABS('Top Customers'!F27:I27))} -> 898837.68
A22: TopCustomers | B22: Top N + Other = Total ARR (Upsell Customers) | C22: =ROUND(SUM('Top Customers'!F136:I136),4) -> 0 | D22: =IF(ABS(C22)>0.01,"Fail",IF(OR(E22="",E22>0.000001),"Pass",IF(AND(E22=0,C22=0),"Pass (No Data)","No Data"))) -> Pass | E22: {=SUMPRODUCT(ABS('Top Customers'!F27:I27))} -> 898837.68
A23: SourceData_Annual | B23: Tagging Consistency (Max 1 Tag per Customer-Period) | C23: =ROUND(SUM('Quikirr Data'!FP4:FS103),4) -> 0 | D23: =IF(ABS(C23)>0.01,"Fail",IF(OR(E23="",E23>0.000001),"Pass",IF(AND(E23=0,C23=0),"Pass (No Data)","No Data"))) -> Pass | E23: =""
A24: SourceData_Quarterly | B24: Tagging Consistency (Max 1 Tag per Customer-Period) | C24: =ROUND(SUM('Quikirr Data'!DW4:EI103),4) -> 0 | D24: =IF(ABS(C24)>0.01,"Fail",IF(OR(E24="",E24>0.000001),"Pass",IF(AND(E24=0,C24=0),"Pass (No Data)","No Data"))) -> Pass | E24: =""
A25: SourceData_RollingLTM | B25: Tagging Consistency (Max 1 Tag per Customer-Period) | C25: =ROUND(SUM('Quikirr Data'!LV4:MT103),4) -> 0 | D25: =IF(ABS(C25)>0.01,"Fail",IF(OR(E25="",E25>0.000001),"Pass",IF(AND(E25=0,C25=0),"Pass (No Data)","No Data"))) -> Pass | E25: =""
A26: Annual Waterfall | B26: Data Presence - ARR | C26: {=IFERROR(IF(SUMPRODUCT(ABS('Annual Waterfall'!D10:G15))<=0.000001,1,0),1)} -> 0 | D26: =IF(ABS(C26)>0.01,"Fail",IF(OR(E26="",E26>0.000001),"Pass",IF(AND(E26=0,C26=0),"Pass (No Data)","No Data"))) -> Pass | E26: {=SUMPRODUCT(ABS('Annual Waterfall'!D10:G15))} -> 1655311.7
A27: Annual Waterfall | B27: Data Presence - Customer Count | C27: {=IFERROR(IF(SUMPRODUCT(ABS('Annual Waterfall'!D48:G51))<=0.000001,1,0),1)} -> 0 | D27: =IF(ABS(C27)>0.01,"Fail",IF(OR(E27="",E27>0.000001),"Pass",IF(AND(E27=0,C27=0),"Pass (No Data)","No Data"))) -> Pass | E27: {=SUMPRODUCT(ABS('Annual Waterfall'!D48:G51))} -> 591
A28: Annual Waterfall | B28: Source Connectivity | C28: =0 -> 0 | D28: =IF(ABS(C28)>0.01,"Fail",IF(OR(E28="",E28>0.000001),"Pass",IF(AND(E28=0,C28=0),"Pass (No Data)","No Data"))) -> Pass | E28: =""
A29: Quarterly Waterfall | B29: Data Presence - ARR | C29: {=IFERROR(IF(SUMPRODUCT(ABS('Quarterly Waterfall'!D10:P15))<=0.000001,1,0),1)} -> 0 | D29: =IF(ABS(C29)>0.01,"Fail",IF(OR(E29="",E29>0.000001),"Pass",IF(AND(E29=0,C29=0),"Pass (No Data)","No Data"))) -> Pass | E29: {=SUMPRODUCT(ABS('Quarterly Waterfall'!D10:P15))} -> 5728310.9
A30: Quarterly Waterfall | B30: Data Presence - Customer Count | C30: {=IFERROR(IF(SUMPRODUCT(ABS('Quarterly Waterfall'!D59:P62))<=0.000001,1,0),1)} -> 0 | D30: =IF(ABS(C30)>0.01,"Fail",IF(OR(E30="",E30>0.000001),"Pass",IF(AND(E30=0,C30=0),"Pass (No Data)","No Data"))) -> Pass | E30: {=SUMPRODUCT(ABS('Quarterly Waterfall'!D59:P62))} -> 2061
A31: Quarterly Waterfall | B31: Source Connectivity | C31: =0 -> 0 | D31: =IF(ABS(C31)>0.01,"Fail",IF(OR(E31="",E31>0.000001),"Pass",IF(AND(E31=0,C31=0),"Pass (No Data)","No Data"))) -> Pass | E31: =""
A32: LTM Waterfall | B32: Data Presence - ARR | C32: {=IFERROR(IF(SUMPRODUCT(ABS('LTM Waterfall'!D10:AB15))<=0.000001,1,0),1)} -> 0 | D32: =IF(ABS(C32)>0.01,"Fail",IF(OR(E32="",E32>0.000001),"Pass",IF(AND(E32=0,C32=0),"Pass (No Data)","No Data"))) -> Pass | E32: {=SUMPRODUCT(ABS('LTM Waterfall'!D10:AB15))} -> 12008907
A33: LTM Waterfall | B33: Data Presence - Customer Count | C33: {=IFERROR(IF(SUMPRODUCT(ABS('LTM Waterfall'!D48:AB51))<=0.000001,1,0),1)} -> 0 | D33: =IF(ABS(C33)>0.01,"Fail",IF(OR(E33="",E33>0.000001),"Pass",IF(AND(E33=0,C33=0),"Pass (No Data)","No Data"))) -> Pass | E33: {=SUMPRODUCT(ABS('LTM Waterfall'!D48:AB51))} -> 4282
A34: LTM Waterfall | B34: Source Connectivity | C34: =0 -> 0 | D34: =IF(ABS(C34)>0.01,"Fail",IF(OR(E34="",E34>0.000001),"Pass",IF(AND(E34=0,C34=0),"Pass (No Data)","No Data"))) -> Pass | E34: =""
A35: AnnualWaterfall | B35: Data Presence - ARR | C35: {=IFERROR(IF(SUMPRODUCT(ABS('Annual Waterfall'!D10:G15))<=0.000001,1,0),1)} -> 0 | D35: =IF(ABS(C35)>0.01,"Fail",IF(OR(E35="",E35>0.000001),"Pass",IF(AND(E35=0,C35=0),"Pass (No Data)","No Data"))) -> Pass | E35: {=SUMPRODUCT(ABS('Annual Waterfall'!D10:G15))} -> 1655311.7
A36: AnnualWaterfall | B36: Data Presence - Customer Count | C36: {=IFERROR(IF(SUMPRODUCT(ABS('Annual Waterfall'!D48:G51))<=0.000001,1,0),1)} -> 0 | D36: =IF(ABS(C36)>0.01,"Fail",IF(OR(E36="",E36>0.000001),"Pass",IF(AND(E36=0,C36=0),"Pass (No Data)","No Data"))) -> Pass | E36: {=SUMPRODUCT(ABS('Annual Waterfall'!D48:G51))} -> 591
A37: AnnualWaterfall | B37: Source Connectivity | C37: =0 -> 0 | D37: =IF(ABS(C37)>0.01,"Fail",IF(OR(E37="",E37>0.000001),"Pass",IF(AND(E37=0,C37=0),"Pass (No Data)","No Data"))) -> Pass | E37: =""
A38: LTMWaterfall | B38: Data Presence - ARR | C38: {=IFERROR(IF(SUMPRODUCT(ABS('LTM Waterfall'!D10:AB15))<=0.000001,1,0),1)} -> 0 | D38: =IF(ABS(C38)>0.01,"Fail",IF(OR(E38="",E38>0.000001),"Pass",IF(AND(E38=0,C38=0),"Pass (No Data)","No Data"))) -> Pass | E38: {=SUMPRODUCT(ABS('LTM Waterfall'!D10:AB15))} -> 12008907
A39: LTMWaterfall | B39: Data Presence - Customer Count | C39: {=IFERROR(IF(SUMPRODUCT(ABS('LTM Waterfall'!D48:AB51))<=0.000001,1,0),1)} -> 0 | D39: =IF(ABS(C39)>0.01,"Fail",IF(OR(E39="",E39>0.000001),"Pass",IF(AND(E39=0,C39=0),"Pass (No Data)","No Data"))) -> Pass | E39: {=SUMPRODUCT(ABS('LTM Waterfall'!D48:AB51))} -> 4282
A40: LTMWaterfall | B40: Source Connectivity | C40: =0 -> 0 | D40: =IF(ABS(C40)>0.01,"Fail",IF(OR(E40="",E40>0.000001),"Pass",IF(AND(E40=0,C40=0),"Pass (No Data)","No Data"))) -> Pass | E40: =""
A41: QuarterlyWaterfall | B41: Data Presence - ARR | C41: {=IFERROR(IF(SUMPRODUCT(ABS('Quarterly Waterfall'!D10:P15))<=0.000001,1,0),1)} -> 0 | D41: =IF(ABS(C41)>0.01,"Fail",IF(OR(E41="",E41>0.000001),"Pass",IF(AND(E41=0,C41=0),"Pass (No Data)","No Data"))) -> Pass | E41: {=SUMPRODUCT(ABS('Quarterly Waterfall'!D10:P15))} -> 5728310.9
A42: QuarterlyWaterfall | B42: Data Presence - Customer Count | C42: {=IFERROR(IF(SUMPRODUCT(ABS('Quarterly Waterfall'!D59:P62))<=0.000001,1,0),1)} -> 0 | D42: =IF(ABS(C42)>0.01,"Fail",IF(OR(E42="",E42>0.000001),"Pass",IF(AND(E42=0,C42=0),"Pass (No Data)","No Data"))) -> Pass | E42: {=SUMPRODUCT(ABS('Quarterly Waterfall'!D59:P62))} -> 2061
A43: QuarterlyWaterfall | B43: Source Connectivity | C43: =0 -> 0 | D43: =IF(ABS(C43)>0.01,"Fail",IF(OR(E43="",E43>0.000001),"Pass",IF(AND(E43=0,C43=0),"Pass (No Data)","No Data"))) -> Pass | E43: =""
A44: Annual Waterfall | B44: Web Payload EoP ARR | C44: =IFERROR(ROUND('Annual Waterfall'!G15-244817.398798828,4),1) -> 0.0012 | D44: =IF(ABS(C44)>1,"Fail",IF(OR(E44="",E44>0.000001),"Pass",IF(AND(E44=0,C44=0),"Pass (No Data)","No Data"))) -> Pass | E44: =""
A45: Annual Waterfall | B45: Web Payload New ARR | C45: =IFERROR(ROUND('Annual Waterfall'!G11-23635.6799316406,4),1) -> 0.0001 | D45: =IF(ABS(C45)>1,"Fail",IF(OR(E45="",E45>0.000001),"Pass",IF(AND(E45=0,C45=0),"Pass (No Data)","No Data"))) -> Pass | E45: =""
A46: Annual Waterfall | B46: Web Payload Upsell ARR | C46: =IFERROR(ROUND('Annual Waterfall'!G12-5916.11901855468,4),1) -> 0.001 | D46: =IF(ABS(C46)>1,"Fail",IF(OR(E46="",E46>0.000001),"Pass",IF(AND(E46=0,C46=0),"Pass (No Data)","No Data"))) -> Pass | E46: =""
A47: Quarterly Waterfall | B47: Web Payload EoP ARR | C47: =IFERROR(ROUND('Quarterly Waterfall'!P15-244817.400009765,4),1) -> 0 | D47: =IF(ABS(C47)>1,"Fail",IF(OR(E47="",E47>0.000001),"Pass",IF(AND(E47=0,C47=0),"Pass (No Data)","No Data"))) -> Pass | E47: =""
A48: Quarterly Waterfall | B48: Web Payload New ARR | C48: =IFERROR(ROUND('Quarterly Waterfall'!P11-0,4),1) -> 0 | D48: =IF(ABS(C48)>1,"Fail",IF(OR(E48="",E48>0.000001),"Pass",IF(AND(E48=0,C48=0),"Pass (No Data)","No Data"))) -> Pass | E48: =""
A49: Quarterly Waterfall | B49: Web Payload Upsell ARR | C49: =IFERROR(ROUND('Quarterly Waterfall'!P12-77.760009765625,4),1) -> 0 | D49: =IF(ABS(C49)>1,"Fail",IF(OR(E49="",E49>0.000001),"Pass",IF(AND(E49=0,C49=0),"Pass (No Data)","No Data"))) -> Pass | E49: =""
A50: LTM Waterfall | B50: Web Payload EoP ARR | C50: =IFERROR(ROUND('LTM Waterfall'!AB15-244817.398798828,4),1) -> 0.0012 | D50: =IF(ABS(C50)>1,"Fail",IF(OR(E50="",E50>0.000001),"Pass",IF(AND(E50=0,C50=0),"Pass (No Data)","No Data"))) -> Pass | E50: =""
A51: LTM Waterfall | B51: Web Payload New ARR | C51: =IFERROR(ROUND('LTM Waterfall'!AB11-23635.6799316406,4),1) -> 0.0001 | D51: =IF(ABS(C51)>1,"Fail",IF(OR(E51="",E51>0.000001),"Pass",IF(AND(E51=0,C51=0),"Pass (No Data)","No Data"))) -> Pass | E51: =""
A52: LTM Waterfall | B52: Web Payload Upsell ARR | C52: =IFERROR(ROUND('LTM Waterfall'!AB12-5916.11901855468,4),1) -> 0.001 | D52: =IF(ABS(C52)>1,"Fail",IF(OR(E52="",E52>0.000001),"Pass",IF(AND(E52=0,C52=0),"Pass (No Data)","No Data"))) -> Pass | E52: =""
A53: Top Customers | B53: Web Payload All_TotalTopTen @ RankAsOf | C53: =IFERROR(ROUND(INDEX('Top Customers'!F24:'Top Customers'!I24,1,MATCH('Top Customers'!C3,'Top Customers'!F12:'Top Customers'!I12,0))-44910.6,4),1) -> 0 | D53: =IF(ABS(C53)>0.01,"Fail",IF(OR(E53="",E53>0.000001),"Pass",IF(AND(E53=0,C53=0),"Pass (No Data)","No Data"))) -> Pass | E53: =""
A54: Top Customers | B54: Web Payload All_TotalCell @ RankAsOf | C54: =IFERROR(ROUND(INDEX('Top Customers'!F27:'Top Customers'!I27,1,MATCH('Top Customers'!C3,'Top Customers'!F12:'Top Customers'!I12,0))-244817.4,4),1) -> 0 | D54: =IF(ABS(C54)>0.01,"Fail",IF(OR(E54="",E54>0.000001),"Pass",IF(AND(E54=0,C54=0),"Pass (No Data)","No Data"))) -> Pass | E54: =""

Sheet Waterfalls >

Sheet Annual Waterfall
C5: Annual Waterfall
C6: ="("&ToC!$E$12&" "&ToC!$E$11&")" -> ($ Actuals)
C8: Annual Waterfall | D8: 44926 | E8: 45291 | F8: 45657 | G8: 46022
C10: BoP ARR | E10: =+D15 -> 216022.8 | F10: =+E15 -> 214713.6 | G10: =+F15 -> 223283.88
A11: NEW | C11: New | E11: =+SUMIFS('Quikirr Data'!EW$4:EW$103,'Quikirr Data'!EW$4:EW$103,"<>"&0)*ToC!$E$15/ToC!$E$10 -> 14969.76 | F11: =+SUMIFS('Quikirr Data'!EX$4:EX$103,'Quikirr Data'!EX$4:EX$103,"<>"&0)*ToC!$E$15/ToC!$E$10 -> 12625.2 | G11: =+SUMIFS('Quikirr Data'!EY$4:EY$103,'Quikirr Data'!EY$4:EY$103,"<>"&0)*ToC!$E$15/ToC!$E$10 -> 23635.68
A12: UPSELL | C12: Upsell | E12: =+SUMIFS('Quikirr Data'!FL$4:FL$103,'Quikirr Data'!FL$4:FL$103,"<>"&0)*ToC!$E$15/ToC!$E$10 -> 4359.72 | F12: =+SUMIFS('Quikirr Data'!FM$4:FM$103,'Quikirr Data'!FM$4:FM$103,"<>"&0)*ToC!$E$15/ToC!$E$10 -> 4117.68 | G12: =+SUMIFS('Quikirr Data'!FN$4:FN$103,'Quikirr Data'!FN$4:FN$103,"<>"&0)*ToC!$E$15/ToC!$E$10 -> 5916.12
A13: DOWNSELL | C13: (Downsell) | E13: =+SUMIFS('Quikirr Data'!FG$4:FG$103,'Quikirr Data'!FG$4:FG$103,"<>"&0)*ToC!$E$15/ToC!$E$10 -> -4758.72 | F13: =+SUMIFS('Quikirr Data'!FH$4:FH$103,'Quikirr Data'!FH$4:FH$103,"<>"&0)*ToC!$E$15/ToC!$E$10 -> -552.6 | G13: =+SUMIFS('Quikirr Data'!FI$4:FI$103,'Quikirr Data'!FI$4:FI$103,"<>"&0)*ToC!$E$15/ToC!$E$10 -> -3482.28
A14: CHURN | C14: (Churn) | E14: =+SUMIFS('Quikirr Data'!FB$4:FB$103,'Quikirr Data'!FB$4:FB$103,"<>"&0)*ToC!$E$15/ToC!$E$10 -> -15879.96 | F14: =+SUMIFS('Quikirr Data'!FC$4:FC$103,'Quikirr Data'!FC$4:FC$103,"<>"&0)*ToC!$E$15/ToC!$E$10 -> -7620 | G14: =+SUMIFS('Quikirr Data'!FD$4:FD$103,'Quikirr Data'!FD$4:FD$103,"<>"&0)*ToC!$E$15/ToC!$E$10 -> -4536
C15: EoP ARR | D15: =+SUMIFS('Quikirr Data'!C$4:C$103,'Quikirr Data'!C$4:C$103,"<>"&0)*ToC!$E$15/ToC!$E$10 -> 216022.8 | E15: =+SUM(E10:E14) -> 214713.6 | F15: =+SUM(F10:F14) -> 223283.88 | G15: =+SUM(G10:G14) -> 244817.4
C17: New % of BoP | E17: =+IFERROR(E11/E10,0) -> 0.06929713 | F17: =+IFERROR(F11/F10,0) -> 0.058800188 | G17: =+IFERROR(G11/G10,0) -> 0.10585484
C18: Upsell % of BoP | E18: =+IFERROR(E12/E10,0) -> 0.020181759 | F18: =+IFERROR(F12/F10,0) -> 0.019177546 | G18: =+IFERROR(G12/G10,0) -> 0.026495957
C19: (Downsell) % of BoP | E19: =+IFERROR(E13/E10,0) -> -0.022028786 | F19: =+IFERROR(F13/F10,0) -> -0.0025736609 | G19: =+IFERROR(G13/G10,0) -> -0.015595752
C20: (Churn) % of BoP | E20: =+IFERROR(E14/E10,0) -> -0.073510574 | F20: =+IFERROR(F14/F10,0) -> -0.035489135 | G20: =+IFERROR(G14/G10,0) -> -0.020314946
C21: Gross Adds % of BoP | E21: =+IFERROR((SUM(E11:E12))/E10,0) -> 0.089478888 | F21: =+IFERROR((SUM(F11:F12))/F10,0) -> 0.077977734 | G21: =+IFERROR((SUM(G11:G12))/G10,0) -> 0.1323508
C22: Gross Losses % of BoP | E22: =+IFERROR((SUM(E13:E14))/E10,0) -> -0.09553936 | F22: =+IFERROR((SUM(F13:F14))/F10,0) -> -0.038062796 | G22: =+IFERROR((SUM(G13:G14))/G10,0) -> -0.035910698
C24: New % of Average | E24: =+IFERROR(E11/AVERAGE(E10,E15),0) -> 0.069507755 | F24: =+IFERROR(F11/AVERAGE(F10,F15),0) -> 0.057649647 | G24: =+IFERROR(G11/AVERAGE(G10,G15),0) -> 0.10098533
C25: Upsell % of Average | E25: =+IFERROR(E12/AVERAGE(E10,E15),0) -> 0.0202431 | F25: =+IFERROR(F12/AVERAGE(F10,F15),0) -> 0.0188023 | G25: =+IFERROR(G12/AVERAGE(G10,G15),0) -> 0.025277094
C26: (Downsell) % of Average | E26: =+IFERROR(E13/AVERAGE(E10,E15),0) -> -0.022095741 | F26: =+IFERROR(F13/AVERAGE(F10,F15),0) -> -0.0025233022 | G26: =+IFERROR(G13/AVERAGE(G10,G15),0) -> -0.014878319
C27: (Churn) % of Average | E27: =+IFERROR(E14/AVERAGE(E10,E15),0) -> -0.073734005 | F27: =+IFERROR(F14/AVERAGE(F10,F15),0) -> -0.034794721 | G27: =+IFERROR(G14/AVERAGE(G10,G15),0) -> -0.019380421
C28: Gross Adds % of Average | E28: =+IFERROR((SUM(E11:E12))/AVERAGE(E10,E15),0) -> 0.089750855 | F28: =+IFERROR((SUM(F11:F12))/AVERAGE(F10,F15),0) -> 0.076451947 | G28: =+IFERROR((SUM(G11:G12))/AVERAGE(G10,G15),0) -> 0.12626242
C29: Gross Losses % of Average | E29: =+IFERROR((SUM(E13:E14))/AVERAGE(E10,E15),0) -> -0.095829746 | F29: =+IFERROR((SUM(F13:F14))/AVERAGE(F10,F15),0) -> -0.037318023 | G29: =+IFERROR((SUM(G13:G14))/AVERAGE(G10,G15),0) -> -0.03425874
C31: % Growth New (YoY) | F31: =+IFERROR(F11/E11-1,0) -> -0.15661975 | G31: =+IFERROR(G11/F11-1,0) -> 0.87210341
C32: % Growth Upsell (YoY) | F32: =+IFERROR(F12/E12-1,0) -> -0.055517327 | G32: =+IFERROR(G12/F12-1,0) -> 0.43676051
C33: % Growth New + Upsell (YoY) | F33: =+IFERROR(F39/E39-1,0) -> -0.13381633 | G33: =+IFERROR(G39/F39-1,0) -> 0.76503684
C34: % Growth Churn (YoY) | F34: =+IFERROR(F14/E14-1,0) -> -0.52014992 | G34: =+IFERROR(G14/F14-1,0) -> -0.40472441
C35: % Growth Downsell + Churn (YoY) | F35: =+IFERROR(F40/E40-1,0) -> -0.60401537 | G35: =+IFERROR(G40/F40-1,0) -> -0.018882608
C37: % Growth | E37: =+IFERROR(E15/E10-1,0) -> -0.0060604714 | F37: =+IFERROR(F15/F10-1,0) -> 0.039914938 | G37: =+IFERROR(G15/G10-1,0) -> 0.096440101
C38: Net New ARR | E38: =+E15-E10 -> -1309.2 | F38: =+F15-F10 -> 8570.28 | G38: =+G15-G10 -> 21533.52
C39: New + Upsell | E39: =+SUM(E11:E12) -> 19329.48 | F39: =+SUM(F11:F12) -> 16742.88 | G39: =+SUM(G11:G12) -> 29551.8
C40: Downsell + Churn | E40: =+SUM(E13:E14) -> -20638.68 | F40: =+SUM(F13:F14) -> -8172.6 | G40: =+SUM(G13:G14) -> -8018.28
C42: Gross Retention % | E42: =+IFERROR((SUM(E10,E13:E14)/E10),0) -> 0.90446064 | F42: =+IFERROR((SUM(F10,F13:F14)/F10),0) -> 0.9619372 | G42: =+IFERROR((SUM(G10,G13:G14)/G10),0) -> 0.9640893
C43: Loss-Only Retention % | E43: =+IFERROR((SUM(E10,E14)/E10),0) -> 0.92648943 | F43: =+IFERROR((SUM(F10,F14)/F10),0) -> 0.96451086 | G43: =+IFERROR((SUM(G10,G14)/G10),0) -> 0.97968505
C44: Net Retention % | E44: =+IFERROR((SUM(E10,E12:E14)/E10),0) -> 0.9246424 | F44: =+IFERROR((SUM(F10,F12:F14)/F10),0) -> 0.98111475 | G44: =+IFERROR((SUM(G10,G12:G14)/G10),0) -> 0.99058526
C46: Customer Waterfall
C48: BoP Customers | E48: =+D51 -> 79 | F48: =+E51 -> 79 | G48: =+F51 -> 80
A49: NEW | C49: New | E49: =+COUNTIFS('Quikirr Data'!EW$4:EW$103,">"&0) -> 6 | F49: =+COUNTIFS('Quikirr Data'!EX$4:EX$103,">"&0) -> 5 | G49: =+COUNTIFS('Quikirr Data'!EY$4:EY$103,">"&0) -> 7
A50: CHURN | C50: (Churn) | E50: =+COUNTIFS('Quikirr Data'!FB$4:FB$103,"<"&0)*-1 -> -6 | F50: =+COUNTIFS('Quikirr Data'!FC$4:FC$103,"<"&0)*-1 -> -4 | G50: =+COUNTIFS('Quikirr Data'!FD$4:FD$103,"<"&0)*-1 -> -2
C51: EoP Customers | D51: =+COUNTIFS('Quikirr Data'!C$4:C$103,">"&0) -> 79 | E51: =+SUM(E48:E50) -> 79 | F51: =+SUM(F48:F50) -> 80 | G51: =+SUM(G48:G50) -> 85
C53: Net Logos Added | E53: =+SUM(E49:E50) -> 0 | F53: =+SUM(F49:F50) -> 1 | G53: =+SUM(G49:G50) -> 5
C54: Logo % Growth | E54: =+IFERROR(E51/E48-1,0) -> 0 | F54: =+IFERROR(F51/F48-1,0) -> 0.012658228 | G54: =+IFERROR(G51/G48-1,0) -> 0.0625
C56: Gross Logo Retention % | E56: =+IFERROR((E50/E48+1),0) -> 0.92405063 | F56: =+IFERROR((F50/F48+1),0) -> 0.94936709 | G56: =+IFERROR((G50/G48+1),0) -> 0.975
C58: ="Avg. Logo Size ("&ToC!$E$12&" Actuals)" -> Avg. Logo Size ($ Actuals) | E58: =+IFERROR(E15*ToC!$E$10/E51,0) -> 2717.8937 | F58: =+IFERROR(F15*ToC!$E$10/F51,0) -> 2791.0485 | G58: =+IFERROR(G15*ToC!$E$10/G51,0) -> 2880.2047
C59: Avg Logo Size YoY Growth | E59: ="" | F59: =+IFERROR(F58/E58-1,0) -> 0.026916001 | G59: =+IFERROR(G58/F58-1,0) -> 0.031943625
C61: ="Avg. New Logo Size ("&ToC!$E$12&" Actuals)" -> Avg. New Logo Size ($ Actuals) | E61: =+IFERROR(E11*ToC!$E$10/E49,0) -> 2494.96 | F61: =+IFERROR(F11*ToC!$E$10/F49,0) -> 2525.04 | G61: =+IFERROR(G11*ToC!$E$10/G49,0) -> 3376.5257
C62: Avg New Logo Size YoY Growth | E62: ="" | F62: =+IFERROR(F61/E61-1,0) -> 0.012056306 | G62: =+IFERROR(G61/F61-1,0) -> 0.33721672
C64: ="Avg. Churned Logo Size ("&ToC!$E$12&" Actuals)" -> Avg. Churned Logo Size ($ Actuals) | E64: =+IFERROR(E14*ToC!$E$10/E50,0) -> 2646.66 | F64: =+IFERROR(F14*ToC!$E$10/F50,0) -> 1905 | G64: =+IFERROR(G14*ToC!$E$10/G50,0) -> 2268
C65: Avg Churned Logo Size YoY Growth | E65: ="" | F65: =+IFERROR(F64/E64-1,0) -> -0.28022489 | G65: =+IFERROR(G64/F64-1,0) -> 0.19055118
C68: Check - ARR | E68: =+SUMIFS('Quikirr Data'!O$4:O$103,'Quikirr Data'!O$4:O$103,"<>"&0)*ToC!$E$15/ToC!$E$10-E15 -> 0 | F68: =+SUMIFS('Quikirr Data'!AA$4:AA$103,'Quikirr Data'!AA$4:AA$103,"<>"&0)*ToC!$E$15/ToC!$E$10-F15 -> 0 | G68: =+SUMIFS('Quikirr Data'!AM$4:AM$103,'Quikirr Data'!AM$4:AM$103,"<>"&0)*ToC!$E$15/ToC!$E$10-G15 -> 0
C69: Check - Customer Count | E69: =+COUNTIFS('Quikirr Data'!O$4:O$103,">"&0)-E51 -> 0 | F69: =+COUNTIFS('Quikirr Data'!AA$4:AA$103,">"&0)-F51 -> 0 | G69: =+COUNTIFS('Quikirr Data'!AM$4:AM$103,">"&0)-G51 -> 0

Sheet Quarterly Waterfall
C5: Quarterly Waterfall
C6: ="("&ToC!$E$12&" "&ToC!$E$11&")" -> ($ Actuals)
C8: Quarterly Waterfall | D8: 44926 | E8: 45016 | F8: 45107 | G8: 45199 | H8: 45291 | I8: 45382 | J8: 45473 | K8: 45565 | L8: 45657 | M8: 45747 | N8: 45838 | O8: 45930 | P8: 46022
C10: BoP ARR | E10: =+D15 -> 216022.8 | F10: =+E15 -> 229915.2 | G10: =+F15 -> 229781.64 | H10: =+G15 -> 218279.04 | I10: =+H15 -> 214713.6 | J10: =+I15 -> 213660.6 | K10: =+J15 -> 212321.4 | L10: =+K15 -> 221747.76 | ... P10: =+O15 -> 244739.64
A11: NEW | C11: New | E11: =+SUMIFS('Quikirr Data'!BT$4:BT$103,'Quikirr Data'!BT$4:BT$103,"<>"&0)*ToC!$E$15/ToC!$E$10 -> 15627.96 | F11: =+SUMIFS('Quikirr Data'!BU$4:BU$103,'Quikirr Data'!BU$4:BU$103,"<>"&0)*ToC!$E$15/ToC!$E$10 -> 0 | G11: =+SUMIFS('Quikirr Data'!BV$4:BV$103,'Quikirr Data'!BV$4:BV$103,"<>"&0)*ToC!$E$15/ToC!$E$10 -> 0 | H11: =+SUMIFS('Quikirr Data'!BW$4:BW$103,'Quikirr Data'!BW$4:BW$103,"<>"&0)*ToC!$E$15/ToC!$E$10 -> 0 | I11: =+SUMIFS('Quikirr Data'!BX$4:BX$103,'Quikirr Data'!BX$4:BX$103,"<>"&0)*ToC!$E$15/ToC!$E$10 -> 0 | J11: =+SUMIFS('Quikirr Data'!BY$4:BY$103,'Quikirr Data'!BY$4:BY$103,"<>"&0)*ToC!$E$15/ToC!$E$10 -> 0 | K11: =+SUMIFS('Quikirr Data'!BZ$4:BZ$103,'Quikirr Data'!BZ$4:BZ$103,"<>"&0)*ToC!$E$15/ToC!$E$10 -> 12625.2 | L11: =+SUMIFS('Quikirr Data'!CA$4:CA$103,'Quikirr Data'!CA$4:CA$103,"<>"&0)*ToC!$E$15/ToC!$E$10 -> 0 | ... P11: =+SUMIFS('Quikirr Data'!CE$4:CE$103,'Quikirr Data'!CE$4:CE$103,"<>"&0)*ToC!$E$15/ToC!$E$10 -> 0
A12: UPSELL | C12: Upsell | E12: =+SUMIFS('Quikirr Data'!DJ$4:DJ$103,'Quikirr Data'!DJ$4:DJ$103,"<>"&0)*ToC!$E$15/ToC!$E$10 -> 533.16 | F12: =+SUMIFS('Quikirr Data'!DK$4:DK$103,'Quikirr Data'!DK$4:DK$103,"<>"&0)*ToC!$E$15/ToC!$E$10 -> 1554.72 | G12: =+SUMIFS('Quikirr Data'!DL$4:DL$103,'Quikirr Data'!DL$4:DL$103,"<>"&0)*ToC!$E$15/ToC!$E$10 -> 3291.96 | H12: =+SUMIFS('Quikirr Data'!DM$4:DM$103,'Quikirr Data'!DM$4:DM$103,"<>"&0)*ToC!$E$15/ToC!$E$10 -> 1100.28 | I12: =+SUMIFS('Quikirr Data'!DN$4:DN$103,'Quikirr Data'!DN$4:DN$103,"<>"&0)*ToC!$E$15/ToC!$E$10 -> 2151 | J12: =+SUMIFS('Quikirr Data'!DO$4:DO$103,'Quikirr Data'!DO$4:DO$103,"<>"&0)*ToC!$E$15/ToC!$E$10 -> 208.8 | K12: =+SUMIFS('Quikirr Data'!DP$4:DP$103,'Quikirr Data'!DP$4:DP$103,"<>"&0)*ToC!$E$15/ToC!$E$10 -> 328.56 | L12: =+SUMIFS('Quikirr Data'!DQ$4:DQ$103,'Quikirr Data'!DQ$4:DQ$103,"<>"&0)*ToC!$E$15/ToC!$E$10 -> 1536.12 | ... P12: =+SUMIFS('Quikirr Data'!DU$4:DU$103,'Quikirr Data'!DU$4:DU$103,"<>"&0)*ToC!$E$15/ToC!$E$10 -> 77.76
A13: DOWNSELL | C13: (Downsell) | E13: =+SUMIFS('Quikirr Data'!CV$4:CV$103,'Quikirr Data'!CV$4:CV$103,"<>"&0)*ToC!$E$15/ToC!$E$10 -> -2268.72 | F13: =+SUMIFS('Quikirr Data'!CW$4:CW$103,'Quikirr Data'!CW$4:CW$103,"<>"&0)*ToC!$E$15/ToC!$E$10 -> -1688.28 | G13: =+SUMIFS('Quikirr Data'!CX$4:CX$103,'Quikirr Data'!CX$4:CX$103,"<>"&0)*ToC!$E$15/ToC!$E$10 -> -2361.48 | H13: =+SUMIFS('Quikirr Data'!CY$4:CY$103,'Quikirr Data'!CY$4:CY$103,"<>"&0)*ToC!$E$15/ToC!$E$10 -> -489.72 | I13: =+SUMIFS('Quikirr Data'!CZ$4:CZ$103,'Quikirr Data'!CZ$4:CZ$103,"<>"&0)*ToC!$E$15/ToC!$E$10 -> -480 | J13: =+SUMIFS('Quikirr Data'!DA$4:DA$103,'Quikirr Data'!DA$4:DA$103,"<>"&0)*ToC!$E$15/ToC!$E$10 -> 0 | K13: =+SUMIFS('Quikirr Data'!DB$4:DB$103,'Quikirr Data'!DB$4:DB$103,"<>"&0)*ToC!$E$15/ToC!$E$10 -> -179.4 | L13: =+SUMIFS('Quikirr Data'!DC$4:DC$103,'Quikirr Data'!DC$4:DC$103,"<>"&0)*ToC!$E$15/ToC!$E$10 -> 0 | ... P13: =+SUMIFS('Quikirr Data'!DG$4:DG$103,'Quikirr Data'!DG$4:DG$103,"<>"&0)*ToC!$E$15/ToC!$E$10 -> 0
A14: CHURN | C14: (Churn) | E14: =+SUMIFS('Quikirr Data'!CH$4:CH$103,'Quikirr Data'!CH$4:CH$103,"<>"&0)*ToC!$E$15/ToC!$E$10 -> 0 | F14: =+SUMIFS('Quikirr Data'!CI$4:CI$103,'Quikirr Data'!CI$4:CI$103,"<>"&0)*ToC!$E$15/ToC!$E$10 -> 0 | G14: =+SUMIFS('Quikirr Data'!CJ$4:CJ$103,'Quikirr Data'!CJ$4:CJ$103,"<>"&0)*ToC!$E$15/ToC!$E$10 -> -12433.08 | H14: =+SUMIFS('Quikirr Data'!CK$4:CK$103,'Quikirr Data'!CK$4:CK$103,"<>"&0)*ToC!$E$15/ToC!$E$10 -> -4176 | I14: =+SUMIFS('Quikirr Data'!CL$4:CL$103,'Quikirr Data'!CL$4:CL$103,"<>"&0)*ToC!$E$15/ToC!$E$10 -> -2724 | J14: =+SUMIFS('Quikirr Data'!CM$4:CM$103,'Quikirr Data'!CM$4:CM$103,"<>"&0)*ToC!$E$15/ToC!$E$10 -> -1548 | K14: =+SUMIFS('Quikirr Data'!CN$4:CN$103,'Quikirr Data'!CN$4:CN$103,"<>"&0)*ToC!$E$15/ToC!$E$10 -> -3348 | L14: =+SUMIFS('Quikirr Data'!CO$4:CO$103,'Quikirr Data'!CO$4:CO$103,"<>"&0)*ToC!$E$15/ToC!$E$10 -> 0 | ... P14: =+SUMIFS('Quikirr Data'!CS$4:CS$103,'Quikirr Data'!CS$4:CS$103,"<>"&0)*ToC!$E$15/ToC!$E$10 -> 0
C15: EoP ARR | D15: =+SUMIFS('Quikirr Data'!C$4:C$103,'Quikirr Data'!C$4:C$103,"<>"&0)*ToC!$E$15/ToC!$E$10 -> 216022.8 | E15: =+SUM(E10:E14) -> 229915.2 | F15: =+SUM(F10:F14) -> 229781.64 | G15: =+SUM(G10:G14) -> 218279.04 | H15: =+SUM(H10:H14) -> 214713.6 | I15: =+SUM(I10:I14) -> 213660.6 | J15: =+SUM(J10:J14) -> 212321.4 | K15: =+SUM(K10:K14) -> 221747.76 | L15: =+SUM(L10:L14) -> 223283.88 | ... P15: =+SUM(P10:P14) -> 244817.4
C17: New % of BoP | E17: =+IFERROR(E11/E10,0) -> 0.07234403 | F17: =+IFERROR(F11/F10,0) -> 0 | G17: =+IFERROR(G11/G10,0) -> 0 | H17: =+IFERROR(H11/H10,0) -> 0 | I17: =+IFERROR(I11/I10,0) -> 0 | J17: =+IFERROR(J11/J10,0) -> 0 | K17: =+IFERROR(K11/K10,0) -> 0.059462683 | L17: =+IFERROR(L11/L10,0) -> 0 | ... P17: =+IFERROR(P11/P10,0) -> 0
C18: Upsell % of BoP | E18: =+IFERROR(E12/E10,0) -> 0.0024680728 | F18: =+IFERROR(F12/F10,0) -> 0.0067621453 | G18: =+IFERROR(G12/G10,0) -> 0.014326471 | H18: =+IFERROR(H12/H10,0) -> 0.0050407039 | I18: =+IFERROR(I12/I10,0) -> 0.010017996 | J18: =+IFERROR(J12/J10,0) -> 0.00097725084 | K18: =+IFERROR(K12/K10,0) -> 0.0015474653 | L18: =+IFERROR(L12/L10,0) -> 0.0069273304 | ... P18: =+IFERROR(P12/P10,0) -> 0.0003177254
C19: (Downsell) % of BoP | E19: =+IFERROR(E13/E10,0) -> -0.010502225 | F19: =+IFERROR(F13/F10,0) -> -0.0073430552 | G19: =+IFERROR(G13/G10,0) -> -0.010277061 | H19: =+IFERROR(H13/H10,0) -> -0.0022435503 | I19: =+IFERROR(I13/I10,0) -> -0.0022355361 | J19: =+IFERROR(J13/J10,0) -> 0 | K19: =+IFERROR(K13/K10,0) -> -0.00084494545 | L19: =+IFERROR(L13/L10,0) -> 0 | ... P19: =+IFERROR(P13/P10,0) -> 0
C20: (Churn) % of BoP | E20: =+IFERROR(E14/E10,0) -> 0 | F20: =+IFERROR(F14/F10,0) -> 0 | G20: =+IFERROR(G14/G10,0) -> -0.054108239 | H20: =+IFERROR(H14/H10,0) -> -0.019131475 | I20: =+IFERROR(I14/I10,0) -> -0.012686667 | J20: =+IFERROR(J14/J10,0) -> -0.0072451355 | K20: =+IFERROR(K14/K10,0) -> -0.015768547 | L20: =+IFERROR(L14/L10,0) -> 0 | ... P20: =+IFERROR(P14/P10,0) -> 0
C21: Gross Adds % of BoP | E21: =+IFERROR((SUM(E11:E12))/E10,0) -> 0.074812103 | F21: =+IFERROR((SUM(F11:F12))/F10,0) -> 0.0067621453 | G21: =+IFERROR((SUM(G11:G12))/G10,0) -> 0.014326471 | H21: =+IFERROR((SUM(H11:H12))/H10,0) -> 0.0050407039 | I21: =+IFERROR((SUM(I11:I12))/I10,0) -> 0.010017996 | J21: =+IFERROR((SUM(J11:J12))/J10,0) -> 0.00097725084 | K21: =+IFERROR((SUM(K11:K12))/K10,0) -> 0.061010148 | L21: =+IFERROR((SUM(L11:L12))/L10,0) -> 0.0069273304 | ... P21: =+IFERROR((SUM(P11:P12))/P10,0) -> 0.0003177254
C22: Gross Losses % of BoP | E22: =+IFERROR((SUM(E13:E14))/E10,0) -> -0.010502225 | F22: =+IFERROR((SUM(F13:F14))/F10,0) -> -0.0073430552 | G22: =+IFERROR((SUM(G13:G14))/G10,0) -> -0.064385301 | H22: =+IFERROR((SUM(H13:H14))/H10,0) -> -0.021375025 | I22: =+IFERROR((SUM(I13:I14))/I10,0) -> -0.014922203 | J22: =+IFERROR((SUM(J13:J14))/J10,0) -> -0.0072451355 | K22: =+IFERROR((SUM(K13:K14))/K10,0) -> -0.016613493 | L22: =+IFERROR((SUM(L13:L14))/L10,0) -> 0 | ... P22: =+IFERROR((SUM(P13:P14))/P10,0) -> 0
C24: New % of Average | E24: =+IFERROR(E11/AVERAGE(E10,E15),0) -> 0.070090282 | F24: =+IFERROR(F11/AVERAGE(F10,F15),0) -> 0 | G24: =+IFERROR(G11/AVERAGE(G10,G15),0) -> 0 | H24: =+IFERROR(H11/AVERAGE(H10,H15),0) -> 0 | I24: =+IFERROR(I11/AVERAGE(I10,I15),0) -> 0 | J24: =+IFERROR(J11/AVERAGE(J10,J15),0) -> 0 | K24: =+IFERROR(K11/AVERAGE(K10,K15),0) -> 0.058171375 | L24: =+IFERROR(L11/AVERAGE(L10,L15),0) -> 0 | ... P24: =+IFERROR(P11/AVERAGE(P10,P15),0) -> 0
C25: Upsell % of Average | E25: =+IFERROR(E12/AVERAGE(E10,E15),0) -> 0.0023911844 | F25: =+IFERROR(F12/AVERAGE(F10,F15),0) -> 0.00676411 | G25: =+IFERROR(G12/AVERAGE(G10,G15),0) -> 0.01469426 | H25: =+IFERROR(H12/AVERAGE(H10,H15),0) -> 0.0050822111 | I25: =+IFERROR(I12/AVERAGE(I10,I15),0) -> 0.010042622 | J25: =+IFERROR(J12/AVERAGE(J10,J15),0) -> 0.00098032311 | K25: =+IFERROR(K12/AVERAGE(K10,K15),0) -> 0.0015138601 | L25: =+IFERROR(L12/AVERAGE(L10,L15),0) -> 0.0069034193 | ... P25: =+IFERROR(P12/AVERAGE(P10,P15),0) -> 0.00031767493
C26: (Downsell) % of Average | E26: =+IFERROR(E13/AVERAGE(E10,E15),0) -> -0.010175047 | F26: =+IFERROR(F13/AVERAGE(F10,F15),0) -> -0.0073451886 | G26: =+IFERROR(G13/AVERAGE(G10,G15),0) -> -0.010540894 | H26: =+IFERROR(H13/AVERAGE(H10,H15),0) -> -0.0022620246 | I26: =+IFERROR(I13/AVERAGE(I10,I15),0) -> -0.0022410313 | J26: =+IFERROR(J13/AVERAGE(J10,J15),0) -> 0 | K26: =+IFERROR(K13/AVERAGE(K10,K15),0) -> -0.00082659639 | L26: =+IFERROR(L13/AVERAGE(L10,L15),0) -> 0 | ... P26: =+IFERROR(P13/AVERAGE(P10,P15),0) -> 0
C27: (Churn) % of Average | E27: =+IFERROR(E14/AVERAGE(E10,E15),0) -> 0 | F27: =+IFERROR(F14/AVERAGE(F10,F15),0) -> 0 | G27: =+IFERROR(G14/AVERAGE(G10,G15),0) -> -0.055497305 | H27: =+IFERROR(H14/AVERAGE(H10,H15),0) -> -0.019289011 | I27: =+IFERROR(I14/AVERAGE(I10,I15),0) -> -0.012717853 | J27: =+IFERROR(J14/AVERAGE(J10,J15),0) -> -0.0072679127 | K27: =+IFERROR(K14/AVERAGE(K10,K15),0) -> -0.015426113 | L27: =+IFERROR(L14/AVERAGE(L10,L15),0) -> 0 | ... P27: =+IFERROR(P14/AVERAGE(P10,P15),0) -> 0
C28: Gross Adds % of Average | E28: =+IFERROR((SUM(E11:E12))/AVERAGE(E10,E15),0) -> 0.072481466 | F28: =+IFERROR((SUM(F11:F12))/AVERAGE(F10,F15),0) -> 0.00676411 | G28: =+IFERROR((SUM(G11:G12))/AVERAGE(G10,G15),0) -> 0.01469426 | H28: =+IFERROR((SUM(H11:H12))/AVERAGE(H10,H15),0) -> 0.0050822111 | I28: =+IFERROR((SUM(I11:I12))/AVERAGE(I10,I15),0) -> 0.010042622 | J28: =+IFERROR((SUM(J11:J12))/AVERAGE(J10,J15),0) -> 0.00098032311 | K28: =+IFERROR((SUM(K11:K12))/AVERAGE(K10,K15),0) -> 0.059685235 | L28: =+IFERROR((SUM(L11:L12))/AVERAGE(L10,L15),0) -> 0.0069034193 | ... P28: =+IFERROR((SUM(P11:P12))/AVERAGE(P10,P15),0) -> 0.00031767493
C29: Gross Losses % of Average | E29: =+IFERROR((SUM(E13:E14))/AVERAGE(E10,E15),0) -> -0.010175047 | F29: =+IFERROR((SUM(F13:F14))/AVERAGE(F10,F15),0) -> -0.0073451886 | G29: =+IFERROR((SUM(G13:G14))/AVERAGE(G10,G15),0) -> -0.066038198 | H29: =+IFERROR((SUM(H13:H14))/AVERAGE(H10,H15),0) -> -0.021551036 | I29: =+IFERROR((SUM(I13:I14))/AVERAGE(I10,I15),0) -> -0.014958884 | J29: =+IFERROR((SUM(J13:J14))/AVERAGE(J10,J15),0) -> -0.0072679127 | K29: =+IFERROR((SUM(K13:K14))/AVERAGE(K10,K15),0) -> -0.01625271 | L29: =+IFERROR((SUM(L13:L14))/AVERAGE(L10,L15),0) -> 0 | ... P29: =+IFERROR((SUM(P13:P14))/AVERAGE(P10,P15),0) -> 0
C31: % Growth New (QoQ) | E31: =+IFERROR(E11/D11-1,0) -> 0 | F31: =+IFERROR(F11/E11-1,0) -> -1 | G31: =+IFERROR(G11/F11-1,0) -> 0 | H31: =+IFERROR(H11/G11-1,0) -> 0 | I31: =+IFERROR(I11/H11-1,0) -> 0 | J31: =+IFERROR(J11/I11-1,0) -> 0 | K31: =+IFERROR(K11/J11-1,0) -> 0 | L31: =+IFERROR(L11/K11-1,0) -> -1 | ... P31: =+IFERROR(P11/O11-1,0) -> 0
C32: % Growth New (YoY) | I32: =+IFERROR(I11/E11-1,0) -> -1 | J32: =+IFERROR(J11/F11-1,0) -> 0 | K32: =+IFERROR(K11/G11-1,0) -> 0 | L32: =+IFERROR(L11/H11-1,0) -> 0 | M32: =+IFERROR(M11/I11-1,0) -> 0 | N32: =+IFERROR(N11/J11-1,0) -> 0 | O32: =+IFERROR(O11/K11-1,0) -> -1 | P32: =+IFERROR(P11/L11-1,0) -> 0
C33: % Growth Upsell (QoQ) | E33: =+IFERROR(E12/D12-1,0) -> 0 | F33: =+IFERROR(F12/E12-1,0) -> 1.9160477 | G33: =+IFERROR(G12/F12-1,0) -> 1.1173973 | H33: =+IFERROR(H12/G12-1,0) -> -0.66576751 | I33: =+IFERROR(I12/H12-1,0) -> 0.95495692 | J33: =+IFERROR(J12/I12-1,0) -> -0.90292887 | K33: =+IFERROR(K12/J12-1,0) -> 0.57356322 | L33: =+IFERROR(L12/K12-1,0) -> 3.6753104 | ... P33: =+IFERROR(P12/O12-1,0) -> -0.93395842
C34: % Growth Upsell (YoY) | I34: =+IFERROR(I12/E12-1,0) -> 3.0344362 | J34: =+IFERROR(J12/F12-1,0) -> -0.86569929 | K34: =+IFERROR(K12/G12-1,0) -> -0.9001932 | L34: =+IFERROR(L12/H12-1,0) -> 0.39611735 | M34: =+IFERROR(M12/I12-1,0) -> 0.42119944 | N34: =+IFERROR(N12/J12-1,0) -> 7.9356322 | O34: =+IFERROR(O12/K12-1,0) -> 2.5836377 | P34: =+IFERROR(P12/L12-1,0) -> -0.94937895
C35: % Growth New + Upsell (QoQ) | E35: =+IFERROR(E46/D46-1,0) -> 0 | F35: =+IFERROR(F46/E46-1,0) -> -0.90379875 | G35: =+IFERROR(G46/F46-1,0) -> 1.1173973 | H35: =+IFERROR(H46/G46-1,0) -> -0.66576751 | I35: =+IFERROR(I46/H46-1,0) -> 0.95495692 | J35: =+IFERROR(J46/I46-1,0) -> -0.90292887 | K35: =+IFERROR(K46/J46-1,0) -> 61.03908 | L35: =+IFERROR(L46/K46-1,0) -> -0.88141513 | ... P35: =+IFERROR(P46/O46-1,0) -> -0.93395842
C36: % Growth New + Upsell (YoY) | I36: =+IFERROR(I46/E46-1,0) -> -0.86690279 | J36: =+IFERROR(J46/F46-1,0) -> -0.86569929 | K36: =+IFERROR(K46/G46-1,0) -> 2.9349688 | L36: =+IFERROR(L46/H46-1,0) -> 0.39611735 | M36: =+IFERROR(M46/I46-1,0) -> 0.42119944 | N36: =+IFERROR(N46/J46-1,0) -> 121.13333 | O36: =+IFERROR(O46/K46-1,0) -> -0.90910438 | P36: =+IFERROR(P46/L46-1,0) -> -0.94937895
C37: % Growth Churn (QoQ) | E37: =+IFERROR(E14/D14-1,0) -> 0 | F37: =+IFERROR(F14/E14-1,0) -> 0 | G37: =+IFERROR(G14/F14-1,0) -> 0 | H37: =+IFERROR(H14/G14-1,0) -> -0.66412184 | I37: =+IFERROR(I14/H14-1,0) -> -0.34770115 | J37: =+IFERROR(J14/I14-1,0) -> -0.43171806 | K37: =+IFERROR(K14/J14-1,0) -> 1.1627907 | L37: =+IFERROR(L14/K14-1,0) -> -1 | ... P37: =+IFERROR(P14/O14-1,0) -> 0
C38: % Growth Churn (YoY) | I38: =+IFERROR(I14/E14-1,0) -> 0 | J38: =+IFERROR(J14/F14-1,0) -> 0 | K38: =+IFERROR(K14/G14-1,0) -> -0.73071837 | L38: =+IFERROR(L14/H14-1,0) -> -1 | M38: =+IFERROR(M14/I14-1,0) -> 0.66519824 | N38: =+IFERROR(N14/J14-1,0) -> -1 | O38: =+IFERROR(O14/K14-1,0) -> -1 | P38: =+IFERROR(P14/L14-1,0) -> 0
C39: % Growth Downsell + Churn (QoQ) | E39: =+IFERROR(E47/D47-1,0) -> 0 | F39: =+IFERROR(F47/E47-1,0) -> -0.25584471 | G39: =+IFERROR(G47/F47-1,0) -> 7.7630962 | H39: =+IFERROR(H47/G47-1,0) -> -0.68463273 | I39: =+IFERROR(I47/H47-1,0) -> -0.31328927 | J39: =+IFERROR(J47/I47-1,0) -> -0.51685393 | K39: =+IFERROR(K47/J47-1,0) -> 1.2786822 | L39: =+IFERROR(L47/K47-1,0) -> -1 | ... P39: =+IFERROR(P47/O47-1,0) -> 0
C40: % Growth Downsell + Churn (YoY) | I40: =+IFERROR(I47/E47-1,0) -> 0.41225008 | J40: =+IFERROR(J47/F47-1,0) -> -0.083090483 | K40: =+IFERROR(K47/G47-1,0) -> -0.76157452 | L40: =+IFERROR(L47/H47-1,0) -> -1 | M40: =+IFERROR(M47/I47-1,0) -> 1.1835206 | N40: =+IFERROR(N47/J47-1,0) -> -0.17046512 | O40: =+IFERROR(O47/K47-1,0) -> -1 | P40: =+IFERROR(P47/L47-1,0) -> 0
C42: % Growth QoQ Annualized | E42: =+IFERROR((E15/D15)^4-1,0) -> 0.28313506 | F42: =+IFERROR((F15/E15)^4-1,0) -> -0.0023216154 | G42: =+IFERROR((G15/F15)^4-1,0) -> -0.18569549 | H42: =+IFERROR((H15/G15)^4-1,0) -> -0.063753787 | I42: =+IFERROR((I15/H15)^4-1,0) -> -0.019472993 | J42: =+IFERROR((J15/I15)^4-1,0) -> -0.024836804 | K42: =+IFERROR((K15/J15)^4-1,0) -> 0.18976692 | L42: =+IFERROR((L15/K15)^4-1,0) -> 0.027998581 | ... P42: =+IFERROR((P15/O15)^4-1,0) -> 0.0012715074
C43: % Growth QoQ | E43: =+IFERROR(E15/D15-1,0) -> 0.064309878 | F43: =+IFERROR(F15/E15-1,0) -> -0.00058090983 | G43: =+IFERROR(G15/F15-1,0) -> -0.05005883 | H43: =+IFERROR(H15/G15-1,0) -> -0.016334321 | I43: =+IFERROR(I15/H15-1,0) -> -0.0049042073 | J43: =+IFERROR(J15/I15-1,0) -> -0.0062678847 | K43: =+IFERROR(K15/J15-1,0) -> 0.044396655 | L43: =+IFERROR(L15/K15-1,0) -> 0.0069273304 | ... P43: =+IFERROR(P15/O15-1,0) -> 0.0003177254
C44: % Growth YoY | H44: =+IFERROR(H15/D15-1,0) -> -0.0060604714 | I44: =+IFERROR(I15/E15-1,0) -> -0.07069824 | J44: =+IFERROR(J15/F15-1,0) -> -0.075986228 | K44: =+IFERROR(K15/G15-1,0) -> 0.015891219 | L44: =+IFERROR(L15/H15-1,0) -> 0.039914938 | M44: =+IFERROR(M15/I15-1,0) -> 0.02660425 | N44: =+IFERROR(N15/J15-1,0) -> 0.1471392 | O44: =+IFERROR(O15/K15-1,0) -> 0.10368484 | P44: =+IFERROR(P15/L15-1,0) -> 0.096440101
C45: Net New ARR QoQ | E45: =+E15-E10 -> 13892.4 | F45: =+F15-F10 -> -133.56 | G45: =+G15-G10 -> -11502.6 | H45: =+H15-H10 -> -3565.44 | I45: =+I15-I10 -> -1053 | J45: =+J15-J10 -> -1339.2 | K45: =+K15-K10 -> 9426.36 | L45: =+L15-L10 -> 1536.12 | ... P45: =+P15-P10 -> 77.76
C46: New + Upsell QoQ | E46: =+SUM(E11:E12) -> 16161.12 | F46: =+SUM(F11:F12) -> 1554.72 | G46: =+SUM(G11:G12) -> 3291.96 | H46: =+SUM(H11:H12) -> 1100.28 | I46: =+SUM(I11:I12) -> 2151 | J46: =+SUM(J11:J12) -> 208.8 | K46: =+SUM(K11:K12) -> 12953.76 | L46: =+SUM(L11:L12) -> 1536.12 | ... P46: =+SUM(P11:P12) -> 77.76
C47: Downsell + Churn QoQ | E47: =+SUM(E13:E14) -> -2268.72 | F47: =+SUM(F13:F14) -> -1688.28 | G47: =+SUM(G13:G14) -> -14794.56 | H47: =+SUM(H13:H14) -> -4665.72 | I47: =+SUM(I13:I14) -> -3204 | J47: =+SUM(J13:J14) -> -1548 | K47: =+SUM(K13:K14) -> -3527.4 | L47: =+SUM(L13:L14) -> 0 | ... P47: =+SUM(P13:P14) -> 0
C49: Gross Retention (QoQ Annualized) | E49: =+IFERROR((SUM(E10,E13:E14)/E10)^4,0) -> 0.95864826 | F49: =+IFERROR((SUM(F10,F13:F14)/F10)^4,0) -> 0.97094972 | G49: =+IFERROR((SUM(G10,G13:G14)/G10)^4,0) -> 0.76628116 | H49: =+IFERROR((SUM(H10,H13:H14)/H10)^4,0) -> 0.91720239 | I49: =+IFERROR((SUM(I10,I13:I14)/I10)^4,0) -> 0.94163398 | J49: =+IFERROR((SUM(J10,J13:J14)/J10)^4,0) -> 0.97133289 | K49: =+IFERROR((SUM(K10,K13:K14)/K10)^4,0) -> 0.93518381 | L49: =+IFERROR((SUM(L10,L13:L14)/L10)^4,0) -> 1 | ... P49: =+IFERROR((SUM(P10,P13:P14)/P10)^4,0) -> 1
C50: Loss-Only Retention (QoQ Annualized) | E50: =+IFERROR((SUM(E10,E14)/E10)^4,0) -> 1 | F50: =+IFERROR((SUM(F10,F14)/F10)^4,0) -> 1 | G50: =+IFERROR((SUM(G10,G14)/G10)^4,0) -> 0.80050817 | H50: =+IFERROR((SUM(H10,H14)/H10)^4,0) -> 0.9256423 | I50: =+IFERROR((SUM(I10,I14)/I10)^4,0) -> 0.9502109 | J50: =+IFERROR((SUM(J10,J14)/J10)^4,0) -> 0.97133289 | K50: =+IFERROR((SUM(K10,K14)/K10)^4,0) -> 0.93840207 | L50: =+IFERROR((SUM(L10,L14)/L10)^4,0) -> 1 | ... P50: =+IFERROR((SUM(P10,P14)/P10)^4,0) -> 1
C51: Net Retention (QoQ Annualized) | E51: =+IFERROR((SUM(E10,E12:E14)/E10)^4,0) -> 0.96824861 | F51: =+IFERROR((SUM(F10,F12:F14)/F10)^4,0) -> 0.99767838 | G51: =+IFERROR((SUM(G10,G12:G14)/G10)^4,0) -> 0.81430451 | H51: =+IFERROR((SUM(H10,H12:H14)/H10)^4,0) -> 0.93624621 | I51: =+IFERROR((SUM(I10,I12:I14)/I10)^4,0) -> 0.98052701 | J51: =+IFERROR((SUM(J10,J12:J14)/J10)^4,0) -> 0.9751632 | K51: =+IFERROR((SUM(K10,K12:K14)/K10)^4,0) -> 0.94108417 | L51: =+IFERROR((SUM(L10,L12:L14)/L10)^4,0) -> 1.0279986 | ... P51: =+IFERROR((SUM(P10,P12:P14)/P10)^4,0) -> 1.0012715
C53: Gross Retention (LTM) | H53: =+IFERROR(SUM(E10,E13:H14)/E10,0) -> 0.89159811 | I53: =+IFERROR(SUM(F10,F13:I14)/F10,0) -> 0.89408025 | J53: =+IFERROR(SUM(G10,G13:J14)/G10,0) -> 0.89462918 | K53: =+IFERROR(SUM(H10,H13:K14)/H10,0) -> 0.94069463 | L53: =+IFERROR(SUM(I10,I13:L14)/I10,0) -> 0.9614398 | M53: =+IFERROR(SUM(J10,J13:M14)/J10,0) -> 0.94350198 | N53: =+IFERROR(SUM(K10,K13:N14)/K10,0) -> 0.94438846 | O53: =+IFERROR(SUM(L10,L13:O14)/L10,0) -> 0.96265974 | P53: =+IFERROR(SUM(M10,M13:P14)/M10,0) -> 0.96291662
C54: Loss-Only Retention (LTM) | H54: =+IFERROR(SUM(E10,E14:H14)/E10,0) -> 0.92311423 | I54: =+IFERROR(SUM(F10,F14:I14)/F10,0) -> 0.91591213 | J54: =+IFERROR(SUM(G10,G14:J14)/G10,0) -> 0.90912642 | K54: =+IFERROR(SUM(H10,H14:K14)/H10,0) -> 0.94595908 | L54: =+IFERROR(SUM(I10,I14:L14)/I10,0) -> 0.96451086 | M54: =+IFERROR(SUM(J10,J14:M14)/J10,0) -> 0.95585522 | N54: =+IFERROR(SUM(K10,K14:N14)/K10,0) -> 0.96286761 | O54: =+IFERROR(SUM(L10,L14:O14)/L10,0) -> 0.97954433 | P54: =+IFERROR(SUM(M10,M14:P14)/M10,0) -> 0.97968505
C55: Net Retention (LTM) | H55: =+IFERROR(SUM(E10,E12:H14)/E10,0) -> 0.9215955 | I55: =+IFERROR(SUM(F10,F12:I14)/F10,0) -> 0.92930176 | J55: =+IFERROR(SUM(G10,G12:J14)/G10,0) -> 0.92401377 | K55: =+IFERROR(SUM(H10,H12:K14)/H10,0) -> 0.95805149 | L55: =+IFERROR(SUM(I10,I12:L14)/I10,0) -> 0.98111475 | M55: =+IFERROR(SUM(J10,J12:M14)/J10,0) -> 0.96751427 | N55: =+IFERROR(SUM(K10,K12:N14)/K10,0) -> 0.97635622 | O55: =+IFERROR(SUM(L10,L12:O14)/L10,0) -> 0.9970967 | P55: =+IFERROR(SUM(M10,M12:P14)/M10,0) -> 0.99058526
C57: Quarterly Customer Waterfall
C59: BoP Customers | E59: =+D62 -> 79 | F59: =+E62 -> 86 | G59: =+F62 -> 86 | H59: =+G62 -> 81 | I59: =+H62 -> 79 | J59: =+I62 -> 77 | K59: =+J62 -> 76 | L59: =+K62 -> 80 | ... P59: =+O62 -> 85
A60: NEW | C60: New | E60: =+COUNTIFS('Quikirr Data'!BT$4:BT$103,">"&0) -> 7 | F60: =+COUNTIFS('Quikirr Data'!BU$4:BU$103,">"&0) -> 0 | G60: =+COUNTIFS('Quikirr Data'!BV$4:BV$103,">"&0) -> 0 | H60: =+COUNTIFS('Quikirr Data'!BW$4:BW$103,">"&0) -> 0 | I60: =+COUNTIFS('Quikirr Data'!BX$4:BX$103,">"&0) -> 0 | J60: =+COUNTIFS('Quikirr Data'!BY$4:BY$103,">"&0) -> 0 | K60: =+COUNTIFS('Quikirr Data'!BZ$4:BZ$103,">"&0) -> 5 | L60: =+COUNTIFS('Quikirr Data'!CA$4:CA$103,">"&0) -> 0 | ... P60: =+COUNTIFS('Quikirr Data'!CE$4:CE$103,">"&0) -> 0
A61: CHURN | C61: (Churn) | E61: =+COUNTIFS('Quikirr Data'!CH$4:CH$103,"<"&0)*-1 -> 0 | F61: 0 | G61: =+COUNTIFS('Quikirr Data'!CJ$4:CJ$103,"<"&0)*-1 -> -5 | H61: =+COUNTIFS('Quikirr Data'!CK$4:CK$103,"<"&0)*-1 -> -2 | I61: =+COUNTIFS('Quikirr Data'!CL$4:CL$103,"<"&0)*-1 -> -2 | J61: =+COUNTIFS('Quikirr Data'!CM$4:CM$103,"<"&0)*-1 -> -1 | K61: =+COUNTIFS('Quikirr Data'!CN$4:CN$103,"<"&0)*-1 -> -1 | L61: =+COUNTIFS('Quikirr Data'!CO$4:CO$103,"<"&0)*-1 -> 0 | M61: =+COUNTIFS('Quikirr Data'!CP$4:CP$103,"<"&0)*-1 -> -2 | N61: =+COUNTIFS('Quikirr Data'!CQ$4:CQ$103,"<"&0)*-1 -> 0 | ... P61: =+COUNTIFS('Quikirr Data'!CS$4:CS$103,"<"&0)*-1 -> 0
C62: EoP Customers | D62: =+COUNTIFS('Quikirr Data'!C$4:C$103,">"&0) -> 79 | E62: =+SUM(E59:E61) -> 86 | F62: =+SUM(F59:F61) -> 86 | G62: =+SUM(G59:G61) -> 81 | H62: =+SUM(H59:H61) -> 79 | I62: =+SUM(I59:I61) -> 77 | J62: =+SUM(J59:J61) -> 76 | K62: =+SUM(K59:K61) -> 80 | L62: =+SUM(L59:L61) -> 80 | ... P62: =+SUM(P59:P61) -> 85
C64: Net Logos Added | E64: =+SUM(E60:E61) -> 7 | F64: =+SUM(F60:F61) -> 0 | G64: =+SUM(G60:G61) -> -5 | H64: =+SUM(H60:H61) -> -2 | I64: =+SUM(I60:I61) -> -2 | J64: =+SUM(J60:J61) -> -1 | K64: =+SUM(K60:K61) -> 4 | L64: =+SUM(L60:L61) -> 0 | ... P64: =+SUM(P60:P61) -> 0
C65: Logo % Growth | E65: =+IFERROR(E62/E59-1,0) -> 0.088607595 | F65: =+IFERROR(F62/F59-1,0) -> 0 | G65: =+IFERROR(G62/G59-1,0) -> -0.058139535 | H65: =+IFERROR(H62/H59-1,0) -> -0.024691358 | I65: =+IFERROR(I62/I59-1,0) -> -0.025316456 | J65: =+IFERROR(J62/J59-1,0) -> -0.012987013 | K65: =+IFERROR(K62/K59-1,0) -> 0.052631579 | L65: =+IFERROR(L62/L59-1,0) -> 0 | ... P65: =+IFERROR(P62/P59-1,0) -> 0
C66: Logo % Growth (YoY) | E66: ="" | F66: ="" | G66: ="" | H66: =+IFERROR(H62/D62-1,0) -> 0 | I66: =+IFERROR(I62/E62-1,0) -> -0.10465116 | J66: =+IFERROR(J62/F62-1,0) -> -0.11627907 | K66: =+IFERROR(K62/G62-1,0) -> -0.012345679 | L66: =+IFERROR(L62/H62-1,0) -> 0.012658228 | M66: =+IFERROR(M62/I62-1,0) -> 0.012987013 | N66: =+IFERROR(N62/J62-1,0) -> 0.11842105 | O66: =+IFERROR(O62/K62-1,0) -> 0.0625 | P66: =+IFERROR(P62/L62-1,0) -> 0.0625
C68: Gross Logo Retention (QoQ Annualized) | E68: =+IFERROR((E61/E59+1)^4,0) -> 1 | F68: =+IFERROR((F61/F59+1)^4,0) -> 1 | G68: =+IFERROR((G61/G59+1)^4,0) -> 0.78694843 | H68: =+IFERROR((H61/H59+1)^4,0) -> 0.9048327 | I68: =+IFERROR((I61/I59+1)^4,0) -> 0.90251522 | J68: =+IFERROR((J61/J59+1)^4,0) -> 0.94905519 | K68: =+IFERROR((K61/K59+1)^4,0) -> 0.94839812 | L68: =+IFERROR((L61/L59+1)^4,0) -> 1 | ... P68: =+IFERROR((P61/P59+1)^4,0) -> 1
C69: Gross Logo Retention (YoY) | H69: =+IFERROR(SUM(E59,E61:H61)/E59,0) -> 0.91139241 | I69: =+IFERROR(SUM(F59,F61:I61)/F59,0) -> 0.89534884 | J69: =+IFERROR(SUM(G59,G61:J61)/G59,0) -> 0.88372093 | K69: =+IFERROR(SUM(H59,H61:K61)/H59,0) -> 0.92592593 | L69: =+IFERROR(SUM(I59,I61:L61)/I59,0) -> 0.94936709 | M69: =+IFERROR(SUM(J59,J61:M61)/J59,0) -> 0.94805195 | N69: =+IFERROR(SUM(K59,K61:N61)/K59,0) -> 0.96052632 | O69: =+IFERROR(SUM(L59,L61:O61)/L59,0) -> 0.975 | P69: =+IFERROR(SUM(M59,M61:P61)/M59,0) -> 0.975
C71: ="Avg. Logo Size ("&ToC!$E$12&" Actuals)" -> Avg. Logo Size ($ Actuals) | E71: =+IFERROR(E15*ToC!$E$10/E62,0) -> 2673.4326 | F71: =+IFERROR(F15*ToC!$E$10/F62,0) -> 2671.8795 | G71: =+IFERROR(G15*ToC!$E$10/G62,0) -> 2694.803 | H71: =+IFERROR(H15*ToC!$E$10/H62,0) -> 2717.8937 | I71: =+IFERROR(I15*ToC!$E$10/I62,0) -> 2774.813 | J71: =+IFERROR(J15*ToC!$E$10/J62,0) -> 2793.7026 | K71: =+IFERROR(K15*ToC!$E$10/K62,0) -> 2771.847 | L71: =+IFERROR(L15*ToC!$E$10/L62,0) -> 2791.0485 | ... P71: =+IFERROR(P15*ToC!$E$10/P62,0) -> 2880.2047
C72: Avg Logo Size QoQ Growth | E72: ="" | F72: =+IFERROR(F71/E71-1,0) -> -0.00058090983 | G72: =+IFERROR(G71/F71-1,0) -> 0.0085795141 | H72: =+IFERROR(H71/G71-1,0) -> 0.0085686071 | I72: =+IFERROR(I71/H71-1,0) -> 0.020942437 | J72: =+IFERROR(J71/I71-1,0) -> 0.0068075379 | K72: =+IFERROR(K71/J71-1,0) -> -0.0078231775 | L72: =+IFERROR(L71/K71-1,0) -> 0.0069273304 | M72: =+IFERROR(M71/L71-1,0) -> 0.0075474669 | ... P72: =+IFERROR(P71/O71-1,0) -> 0.0003177254
C74: ="Avg. New Logo Size ("&ToC!$E$12&" Actuals)" -> Avg. New Logo Size ($ Actuals) | E74: =+IFERROR(E11*ToC!$E$10/E60,0) -> 2232.5657 | F74: =+IFERROR(F11*ToC!$E$10/F60,0) -> 0 | G74: =+IFERROR(G11*ToC!$E$10/G60,0) -> 0 | H74: =+IFERROR(H11*ToC!$E$10/H60,0) -> 0 | I74: =+IFERROR(I11*ToC!$E$10/I60,0) -> 0 | J74: =+IFERROR(J11*ToC!$E$10/J60,0) -> 0 | K74: =+IFERROR(K11*ToC!$E$10/K60,0) -> 2525.04 | L74: =+IFERROR(L11*ToC!$E$10/L60,0) -> 0 | ... P74: =+IFERROR(P11*ToC!$E$10/P60,0) -> 0
C75: Avg New Logo Size QoQ Growth | E75: ="" | F75: =+IFERROR(F74/E74-1,0) -> -1 | G75: =+IFERROR(G74/F74-1,0) -> 0 | H75: =+IFERROR(H74/G74-1,0) -> 0 | I75: =+IFERROR(I74/H74-1,0) -> 0 | J75: =+IFERROR(J74/I74-1,0) -> 0 | K75: =+IFERROR(K74/J74-1,0) -> 0 | L75: =+IFERROR(L74/K74-1,0) -> -1 | M75: =+IFERROR(M74/L74-1,0) -> 0 | ... P75: =+IFERROR(P74/O74-1,0) -> 0
C77: ="Avg. Churned Logo Size ("&ToC!$E$12&" Actuals)" -> Avg. Churned Logo Size ($ Actuals) | E77: =+IFERROR(E14*ToC!$E$10/E61,0) -> 0 | F77: =+IFERROR(F14*ToC!$E$10/F61,0) -> 0 | G77: =+IFERROR(G14*ToC!$E$10/G61,0) -> 2486.616 | H77: =+IFERROR(H14*ToC!$E$10/H61,0) -> 2088 | I77: =+IFERROR(I14*ToC!$E$10/I61,0) -> 1362 | J77: =+IFERROR(J14*ToC!$E$10/J61,0) -> 1548 | K77: =+IFERROR(K14*ToC!$E$10/K61,0) -> 3348 | L77: =+IFERROR(L14*ToC!$E$10/L61,0) -> 0 | ... P77: =+IFERROR(P14*ToC!$E$10/P61,0) -> 0
C78: Avg Churned Logo Size QoQ Growth | E78: ="" | F78: =+IFERROR(F77/E77-1,0) -> 0 | G78: =+IFERROR(G77/F77-1,0) -> 0 | H78: =+IFERROR(H77/G77-1,0) -> -0.16030461 | I78: =+IFERROR(I77/H77-1,0) -> -0.34770115 | J78: =+IFERROR(J77/I77-1,0) -> 0.13656388 | K78: =+IFERROR(K77/J77-1,0) -> 1.1627907 | L78: =+IFERROR(L77/K77-1,0) -> -1 | M78: =+IFERROR(M77/L77-1,0) -> 0 | ... P78: =+IFERROR(P77/O77-1,0) -> 0
C81: Check - ARR | E81: =+SUMIFS('Quikirr Data'!F$4:F$103,'Quikirr Data'!F$4:F$103,"<>"&0)*ToC!$E$15/ToC!$E$10-E15 -> 0 | F81: =+SUMIFS('Quikirr Data'!I$4:I$103,'Quikirr Data'!I$4:I$103,"<>"&0)*ToC!$E$15/ToC!$E$10-F15 -> 0 | G81: =+SUMIFS('Quikirr Data'!L$4:L$103,'Quikirr Data'!L$4:L$103,"<>"&0)*ToC!$E$15/ToC!$E$10-G15 -> 0 | H81: =+SUMIFS('Quikirr Data'!O$4:O$103,'Quikirr Data'!O$4:O$103,"<>"&0)*ToC!$E$15/ToC!$E$10-H15 -> 0 | I81: =+SUMIFS('Quikirr Data'!R$4:R$103,'Quikirr Data'!R$4:R$103,"<>"&0)*ToC!$E$15/ToC!$E$10-I15 -> 0 | J81: =+SUMIFS('Quikirr Data'!U$4:U$103,'Quikirr Data'!U$4:U$103,"<>"&0)*ToC!$E$15/ToC!$E$10-J15 -> 0 | K81: =+SUMIFS('Quikirr Data'!X$4:X$103,'Quikirr Data'!X$4:X$103,"<>"&0)*ToC!$E$15/ToC!$E$10-K15 -> 0 | L81: =+SUMIFS('Quikirr Data'!AA$4:AA$103,'Quikirr Data'!AA$4:AA$103,"<>"&0)*ToC!$E$15/ToC!$E$10-L15 -> 0 | M81: =+SUMIFS('Quikirr Data'!AD$4:AD$103,'Quikirr Data'!AD$4:AD$103,"<>"&0)*ToC!$E$15/ToC!$E$10-M15 -> 0 | N81: =+SUMIFS('Quikirr Data'!AG$4:AG$103,'Quikirr Data'!AG$4:AG$103,"<>"&0)*ToC!$E$15/ToC!$E$10-N15 -> 0 | O81: =+SUMIFS('Quikirr Data'!AJ$4:AJ$103,'Quikirr Data'!AJ$4:AJ$103,"<>"&0)*ToC!$E$15/ToC!$E$10-O15 -> 0 | P81: =+SUMIFS('Quikirr Data'!AM$4:AM$103,'Quikirr Data'!AM$4:AM$103,"<>"&0)*ToC!$E$15/ToC!$E$10-P15 -> 0
C82: Check - Customer Count | E82: =+COUNTIFS('Quikirr Data'!F$4:F$103,">"&0)-E62 -> 0 | F82: =+COUNTIFS('Quikirr Data'!I$4:I$103,">"&0)-F62 -> 0 | G82: =+COUNTIFS('Quikirr Data'!L$4:L$103,">"&0)-G62 -> 0 | H82: =+COUNTIFS('Quikirr Data'!O$4:O$103,">"&0)-H62 -> 0 | I82: =+COUNTIFS('Quikirr Data'!R$4:R$103,">"&0)-I62 -> 0 | J82: =+COUNTIFS('Quikirr Data'!U$4:U$103,">"&0)-J62 -> 0 | K82: =+COUNTIFS('Quikirr Data'!X$4:X$103,">"&0)-K62 -> 0 | L82: =+COUNTIFS('Quikirr Data'!AA$4:AA$103,">"&0)-L62 -> 0 | M82: =+COUNTIFS('Quikirr Data'!AD$4:AD$103,">"&0)-M62 -> 0 | N82: =+COUNTIFS('Quikirr Data'!AG$4:AG$103,">"&0)-N62 -> 0 | O82: =+COUNTIFS('Quikirr Data'!AJ$4:AJ$103,">"&0)-O62 -> 0 | P82: =+COUNTIFS('Quikirr Data'!AM$4:AM$103,">"&0)-P62 -> 0

Sheet LTM Waterfall
C5: LTM Waterfall
C6: ="("&ToC!$E$12&" "&ToC!$E$11&")" -> ($ Actuals)
C8: LTM Waterfall | D8: 45291 | E8: 45322 | F8: 45351 | G8: 45382 | H8: 45412 | I8: 45443 | J8: 45473 | K8: 45504 | L8: 45535 | M8: 45565 | N8: 45596 | O8: 45626 | P8: 45657 | Q8: 45688 | R8: 45716 | S8: 45747 | T8: 45777 | U8: 45808 | V8: 45838 | W8: 45869 | X8: 45900 | Y8: 45930 | Z8: 45961 | AA8: 45991 | AB8: 46022
C10: BoP ARR | D10: =+SUMIFS('Quikirr Data'!C$4:C$103,'Quikirr Data'!C$4:C$103,"<>"&0)*ToC!$E$15/ToC!$E$10 -> 216022.8 | E10: =+SUMIFS('Quikirr Data'!D$4:D$103,'Quikirr Data'!D$4:D$103,"<>"&0)*ToC!$E$15/ToC!$E$10 -> 216022.8 | F10: =+SUMIFS('Quikirr Data'!E$4:E$103,'Quikirr Data'!E$4:E$103,"<>"&0)*ToC!$E$15/ToC!$E$10 -> 213975.48 | G10: =+SUMIFS('Quikirr Data'!F$4:F$103,'Quikirr Data'!F$4:F$103,"<>"&0)*ToC!$E$15/ToC!$E$10 -> 229915.2 | H10: =+SUMIFS('Quikirr Data'!G$4:G$103,'Quikirr Data'!G$4:G$103,"<>"&0)*ToC!$E$15/ToC!$E$10 -> 230063.88 | I10: =+SUMIFS('Quikirr Data'!H$4:H$103,'Quikirr Data'!H$4:H$103,"<>"&0)*ToC!$E$15/ToC!$E$10 -> 230325 | J10: =+SUMIFS('Quikirr Data'!I$4:I$103,'Quikirr Data'!I$4:I$103,"<>"&0)*ToC!$E$15/ToC!$E$10 -> 229781.64 | K10: =+SUMIFS('Quikirr Data'!J$4:J$103,'Quikirr Data'!J$4:J$103,"<>"&0)*ToC!$E$15/ToC!$E$10 -> 223671.6 | ... AB10: =+SUMIFS('Quikirr Data'!AA$4:AA$103,'Quikirr Data'!AA$4:AA$103,"<>"&0)*ToC!$E$15/ToC!$E$10 -> 223283.88
A11: NEW | C11: New | D11: =+SUMIFS('Quikirr Data'!HV$4:HV$103,'Quikirr Data'!HV$4:HV$103,"<>"&0)*ToC!$E$15/ToC!$E$10 -> 14969.76 | E11: =+SUMIFS('Quikirr Data'!HW$4:HW$103,'Quikirr Data'!HW$4:HW$103,"<>"&0)*ToC!$E$15/ToC!$E$10 -> 14969.76 | F11: =+SUMIFS('Quikirr Data'!HX$4:HX$103,'Quikirr Data'!HX$4:HX$103,"<>"&0)*ToC!$E$15/ToC!$E$10 -> 14969.76 | G11: =+SUMIFS('Quikirr Data'!HY$4:HY$103,'Quikirr Data'!HY$4:HY$103,"<>"&0)*ToC!$E$15/ToC!$E$10 -> 0 | H11: =+SUMIFS('Quikirr Data'!HZ$4:HZ$103,'Quikirr Data'!HZ$4:HZ$103,"<>"&0)*ToC!$E$15/ToC!$E$10 -> 0 | I11: =+SUMIFS('Quikirr Data'!IA$4:IA$103,'Quikirr Data'!IA$4:IA$103,"<>"&0)*ToC!$E$15/ToC!$E$10 -> 0 | J11: =+SUMIFS('Quikirr Data'!IB$4:IB$103,'Quikirr Data'!IB$4:IB$103,"<>"&0)*ToC!$E$15/ToC!$E$10 -> 0 | K11: =+SUMIFS('Quikirr Data'!IC$4:IC$103,'Quikirr Data'!IC$4:IC$103,"<>"&0)*ToC!$E$15/ToC!$E$10 -> 12625.2 | ... AB11: =+SUMIFS('Quikirr Data'!IT$4:IT$103,'Quikirr Data'!IT$4:IT$103,"<>"&0)*ToC!$E$15/ToC!$E$10 -> 23635.68
A12: UPSELL | C12: Upsell | D12: =+SUMIFS('Quikirr Data'!KV$4:KV$103,'Quikirr Data'!KV$4:KV$103,"<>"&0)*ToC!$E$15/ToC!$E$10 -> 4359.72 | E12: =+SUMIFS('Quikirr Data'!KW$4:KW$103,'Quikirr Data'!KW$4:KW$103,"<>"&0)*ToC!$E$15/ToC!$E$10 -> 6159.72 | F12: =+SUMIFS('Quikirr Data'!KX$4:KX$103,'Quikirr Data'!KX$4:KX$103,"<>"&0)*ToC!$E$15/ToC!$E$10 -> 6495.96 | G12: =+SUMIFS('Quikirr Data'!KY$4:KY$103,'Quikirr Data'!KY$4:KY$103,"<>"&0)*ToC!$E$15/ToC!$E$10 -> 6564.12 | H12: =+SUMIFS('Quikirr Data'!KZ$4:KZ$103,'Quikirr Data'!KZ$4:KZ$103,"<>"&0)*ToC!$E$15/ToC!$E$10 -> 6236.76 | I12: =+SUMIFS('Quikirr Data'!LA$4:LA$103,'Quikirr Data'!LA$4:LA$103,"<>"&0)*ToC!$E$15/ToC!$E$10 -> 6901.56 | J12: =+SUMIFS('Quikirr Data'!LB$4:LB$103,'Quikirr Data'!LB$4:LB$103,"<>"&0)*ToC!$E$15/ToC!$E$10 -> 6409.08 | K12: =+SUMIFS('Quikirr Data'!LC$4:LC$103,'Quikirr Data'!LC$4:LC$103,"<>"&0)*ToC!$E$15/ToC!$E$10 -> 6766.08 | ... AB12: =+SUMIFS('Quikirr Data'!LT$4:LT$103,'Quikirr Data'!LT$4:LT$103,"<>"&0)*ToC!$E$15/ToC!$E$10 -> 5916.12
A13: DOWNSELL | C13: (Downsell) | D13: =+SUMIFS('Quikirr Data'!JV$4:JV$103,'Quikirr Data'!JV$4:JV$103,"<>"&0)*ToC!$E$15/ToC!$E$10 -> -4758.72 | E13: =+SUMIFS('Quikirr Data'!JW$4:JW$103,'Quikirr Data'!JW$4:JW$103,"<>"&0)*ToC!$E$15/ToC!$E$10 -> -5602.2 | F13: =+SUMIFS('Quikirr Data'!JX$4:JX$103,'Quikirr Data'!JX$4:JX$103,"<>"&0)*ToC!$E$15/ToC!$E$10 -> -2685.48 | G13: =+SUMIFS('Quikirr Data'!JY$4:JY$103,'Quikirr Data'!JY$4:JY$103,"<>"&0)*ToC!$E$15/ToC!$E$10 -> -3204 | H13: =+SUMIFS('Quikirr Data'!JZ$4:JZ$103,'Quikirr Data'!JZ$4:JZ$103,"<>"&0)*ToC!$E$15/ToC!$E$10 -> -3603.84 | I13: =+SUMIFS('Quikirr Data'!KA$4:KA$103,'Quikirr Data'!KA$4:KA$103,"<>"&0)*ToC!$E$15/ToC!$E$10 -> -4136.28 | J13: =+SUMIFS('Quikirr Data'!KB$4:KB$103,'Quikirr Data'!KB$4:KB$103,"<>"&0)*ToC!$E$15/ToC!$E$10 -> -2880.72 | K13: =+SUMIFS('Quikirr Data'!KC$4:KC$103,'Quikirr Data'!KC$4:KC$103,"<>"&0)*ToC!$E$15/ToC!$E$10 -> -718.68 | ... AB13: =+SUMIFS('Quikirr Data'!KT$4:KT$103,'Quikirr Data'!KT$4:KT$103,"<>"&0)*ToC!$E$15/ToC!$E$10 -> -3482.28
A14: CHURN | C14: (Churn) | D14: =+SUMIFS('Quikirr Data'!IV$4:IV$103,'Quikirr Data'!IV$4:IV$103,"<>"&0)*ToC!$E$15/ToC!$E$10 -> -15879.96 | E14: =+SUMIFS('Quikirr Data'!IW$4:IW$103,'Quikirr Data'!IW$4:IW$103,"<>"&0)*ToC!$E$15/ToC!$E$10 -> -15879.96 | F14: =+SUMIFS('Quikirr Data'!IX$4:IX$103,'Quikirr Data'!IX$4:IX$103,"<>"&0)*ToC!$E$15/ToC!$E$10 -> -17079.12 | G14: =+SUMIFS('Quikirr Data'!IY$4:IY$103,'Quikirr Data'!IY$4:IY$103,"<>"&0)*ToC!$E$15/ToC!$E$10 -> -19614.72 | H14: =+SUMIFS('Quikirr Data'!IZ$4:IZ$103,'Quikirr Data'!IZ$4:IZ$103,"<>"&0)*ToC!$E$15/ToC!$E$10 -> -19345.8 | I14: =+SUMIFS('Quikirr Data'!JA$4:JA$103,'Quikirr Data'!JA$4:JA$103,"<>"&0)*ToC!$E$15/ToC!$E$10 -> -20768.88 | J14: =+SUMIFS('Quikirr Data'!JB$4:JB$103,'Quikirr Data'!JB$4:JB$103,"<>"&0)*ToC!$E$15/ToC!$E$10 -> -20988.6 | K14: =+SUMIFS('Quikirr Data'!JC$4:JC$103,'Quikirr Data'!JC$4:JC$103,"<>"&0)*ToC!$E$15/ToC!$E$10 -> -20925 | ... AB14: =+SUMIFS('Quikirr Data'!JT$4:JT$103,'Quikirr Data'!JT$4:JT$103,"<>"&0)*ToC!$E$15/ToC!$E$10 -> -4536
C15: EoP ARR | D15: =+SUM(D10:D14) -> 214713.6 | E15: =+SUM(E10:E14) -> 215670.12 | F15: =+SUM(F10:F14) -> 215676.6 | G15: =+SUM(G10:G14) -> 213660.6 | H15: =+SUM(H10:H14) -> 213351 | I15: =+SUM(I10:I14) -> 212321.4 | J15: =+SUM(J10:J14) -> 212321.4 | K15: =+SUM(K10:K14) -> 221419.2 | ... AB15: =+SUM(AB10:AB14) -> 244817.4
C17: New % of BoP | D17: =+IFERROR(D11/D10,0) -> 0.06929713 | E17: =+IFERROR(E11/E10,0) -> 0.06929713 | F17: =+IFERROR(F11/F10,0) -> 0.069960166 | G17: =+IFERROR(G11/G10,0) -> 0 | H17: =+IFERROR(H11/H10,0) -> 0 | I17: =+IFERROR(I11/I10,0) -> 0 | J17: =+IFERROR(J11/J10,0) -> 0 | K17: =+IFERROR(K11/K10,0) -> 0.056445253 | ... AB17: =+IFERROR(AB11/AB10,0) -> 0.10585484
C18: Upsell % of BoP | D18: =+IFERROR(D12/D10,0) -> 0.020181759 | E18: =+IFERROR(E12/E10,0) -> 0.028514212 | F18: =+IFERROR(F12/F10,0) -> 0.030358432 | G18: =+IFERROR(G12/G10,0) -> 0.028550179 | H18: =+IFERROR(H12/H10,0) -> 0.027108819 | I18: =+IFERROR(I12/I10,0) -> 0.029964442 | J18: =+IFERROR(J12/J10,0) -> 0.027892046 | K18: =+IFERROR(K12/K10,0) -> 0.030250063 | ... AB18: =+IFERROR(AB12/AB10,0) -> 0.026495957
C19: (Downsell) % of BoP | D19: =+IFERROR(D13/D10,0) -> -0.022028786 | E19: =+IFERROR(E13/E10,0) -> -0.025933374 | F19: =+IFERROR(F13/F10,0) -> -0.01255041 | G19: =+IFERROR(G13/G10,0) -> -0.013935573 | H19: =+IFERROR(H13/H10,0) -> -0.015664519 | I19: =+IFERROR(I13/I10,0) -> -0.01795845 | J19: =+IFERROR(J13/J10,0) -> -0.012536772 | K19: =+IFERROR(K13/K10,0) -> -0.0032131035 | ... AB19: =+IFERROR(AB13/AB10,0) -> -0.015595752
C20: (Churn) % of BoP | D20: =+IFERROR(D14/D10,0) -> -0.073510574 | E20: =+IFERROR(E14/E10,0) -> -0.073510574 | F20: =+IFERROR(F14/F10,0) -> -0.079818117 | G20: =+IFERROR(G14/G10,0) -> -0.085312846 | H20: =+IFERROR(H14/H10,0) -> -0.084088819 | I20: =+IFERROR(I14/I10,0) -> -0.090172061 | J20: =+IFERROR(J14/J10,0) -> -0.091341501 | K20: =+IFERROR(K14/K10,0) -> -0.093552333 | ... AB20: =+IFERROR(AB14/AB10,0) -> -0.020314946
C21: Gross Adds % of BoP | D21: =+IFERROR((SUM(D11:D12))/D10,0) -> 0.089478888 | E21: =+IFERROR((SUM(E11:E12))/E10,0) -> 0.097811342 | F21: =+IFERROR((SUM(F11:F12))/F10,0) -> 0.1003186 | G21: =+IFERROR((SUM(G11:G12))/G10,0) -> 0.028550179 | H21: =+IFERROR((SUM(H11:H12))/H10,0) -> 0.027108819 | I21: =+IFERROR((SUM(I11:I12))/I10,0) -> 0.029964442 | J21: =+IFERROR((SUM(J11:J12))/J10,0) -> 0.027892046 | K21: =+IFERROR((SUM(K11:K12))/K10,0) -> 0.086695316 | ... AB21: =+IFERROR((SUM(AB11:AB12))/AB10,0) -> 0.1323508
C22: Gross Losses % of BoP | D22: =+IFERROR((SUM(D13:D14))/D10,0) -> -0.09553936 | E22: =+IFERROR((SUM(E13:E14))/E10,0) -> -0.099443948 | F22: =+IFERROR((SUM(F13:F14))/F10,0) -> -0.092368527 | G22: =+IFERROR((SUM(G13:G14))/G10,0) -> -0.099248419 | H22: =+IFERROR((SUM(H13:H14))/H10,0) -> -0.099753338 | I22: =+IFERROR((SUM(I13:I14))/I10,0) -> -0.10813051 | J22: =+IFERROR((SUM(J13:J14))/J10,0) -> -0.10387827 | K22: =+IFERROR((SUM(K13:K14))/K10,0) -> -0.096765436 | ... AB22: =+IFERROR((SUM(AB13:AB14))/AB10,0) -> -0.035910698
C24: New % of Average | D24: =+IFERROR(D11/AVERAGE(D10,D15),0) -> 0.069507755 | E24: =+IFERROR(E11/AVERAGE(E10,E15),0) -> 0.069353743 | F24: =+IFERROR(F11/AVERAGE(F10,F15),0) -> 0.069683172 | G24: =+IFERROR(G11/AVERAGE(G10,G15),0) -> 0 | H24: =+IFERROR(H11/AVERAGE(H10,H15),0) -> 0 | I24: =+IFERROR(I11/AVERAGE(I10,I15),0) -> 0 | J24: =+IFERROR(J11/AVERAGE(J10,J15),0) -> 0 | K24: =+IFERROR(K11/AVERAGE(K10,K15),0) -> 0.056730896 | ... AB24: =+IFERROR(AB11/AVERAGE(AB10,AB15),0) -> 0.10098533
C25: Upsell % of Average | D25: =+IFERROR(D12/AVERAGE(D10,D15),0) -> 0.0202431 | E25: =+IFERROR(E12/AVERAGE(E10,E15),0) -> 0.028537508 | F25: =+IFERROR(F12/AVERAGE(F10,F15),0) -> 0.030238234 | G25: =+IFERROR(G12/AVERAGE(G10,G15),0) -> 0.029596385 | H25: =+IFERROR(H12/AVERAGE(H10,H15),0) -> 0.028130585 | I25: =+IFERROR(I12/AVERAGE(I10,I15),0) -> 0.031183175 | J25: =+IFERROR(J12/AVERAGE(J10,J15),0) -> 0.028993603 | K25: =+IFERROR(K12/AVERAGE(K10,K15),0) -> 0.030403145 | ... AB25: =+IFERROR(AB12/AVERAGE(AB10,AB15),0) -> 0.025277094
C26: (Downsell) % of Average | D26: =+IFERROR(D13/AVERAGE(D10,D15),0) -> -0.022095741 | E26: =+IFERROR(E13/AVERAGE(E10,E15),0) -> -0.02595456 | F26: =+IFERROR(F13/AVERAGE(F10,F15),0) -> -0.012500719 | G26: =+IFERROR(G13/AVERAGE(G10,G15),0) -> -0.014446234 | H26: =+IFERROR(H13/AVERAGE(H10,H15),0) -> -0.016254935 | I26: =+IFERROR(I13/AVERAGE(I10,I15),0) -> -0.018688868 | J26: =+IFERROR(J13/AVERAGE(J10,J15),0) -> -0.013031894 | K26: =+IFERROR(K13/AVERAGE(K10,K15),0) -> -0.0032293635 | ... AB26: =+IFERROR(AB13/AVERAGE(AB10,AB15),0) -> -0.014878319
C27: (Churn) % of Average | D27: =+IFERROR(D14/AVERAGE(D10,D15),0) -> -0.073734005 | E27: =+IFERROR(E14/AVERAGE(E10,E15),0) -> -0.07357063 | F27: =+IFERROR(F14/AVERAGE(F10,F15),0) -> -0.079502094 | G27: =+IFERROR(G14/AVERAGE(G10,G15),0) -> -0.08843909 | H27: =+IFERROR(H14/AVERAGE(H10,H15),0) -> -0.087258235 | I27: =+IFERROR(I14/AVERAGE(I10,I15),0) -> -0.093839597 | J27: =+IFERROR(J14/AVERAGE(J10,J15),0) -> -0.094948906 | K27: =+IFERROR(K14/AVERAGE(K10,K15),0) -> -0.094025758 | ... AB27: =+IFERROR(AB14/AVERAGE(AB10,AB15),0) -> -0.019380421
C28: Gross Adds % of Average | D28: =+IFERROR((SUM(D11:D12))/AVERAGE(D10,D15),0) -> 0.089750855 | E28: =+IFERROR((SUM(E11:E12))/AVERAGE(E10,E15),0) -> 0.097891251 | F28: =+IFERROR((SUM(F11:F12))/AVERAGE(F10,F15),0) -> 0.099921406 | G28: =+IFERROR((SUM(G11:G12))/AVERAGE(G10,G15),0) -> 0.029596385 | H28: =+IFERROR((SUM(H11:H12))/AVERAGE(H10,H15),0) -> 0.028130585 | I28: =+IFERROR((SUM(I11:I12))/AVERAGE(I10,I15),0) -> 0.031183175 | J28: =+IFERROR((SUM(J11:J12))/AVERAGE(J10,J15),0) -> 0.028993603 | K28: =+IFERROR((SUM(K11:K12))/AVERAGE(K10,K15),0) -> 0.087134041 | ... AB28: =+IFERROR((SUM(AB11:AB12))/AVERAGE(AB10,AB15),0) -> 0.12626242
C29: Gross Losses % of Average | D29: =+IFERROR((SUM(D13:D14))/AVERAGE(D10,D15),0) -> -0.095829746 | E29: =+IFERROR((SUM(E13:E14))/AVERAGE(E10,E15),0) -> -0.09952519 | F29: =+IFERROR((SUM(F13:F14))/AVERAGE(F10,F15),0) -> -0.092002813 | G29: =+IFERROR((SUM(G13:G14))/AVERAGE(G10,G15),0) -> -0.10288532 | H29: =+IFERROR((SUM(H13:H14))/AVERAGE(H10,H15),0) -> -0.10351317 | I29: =+IFERROR((SUM(I13:I14))/AVERAGE(I10,I15),0) -> -0.11252847 | J29: =+IFERROR((SUM(J13:J14))/AVERAGE(J10,J15),0) -> -0.1079808 | K29: =+IFERROR((SUM(K13:K14))/AVERAGE(K10,K15),0) -> -0.097255122 | ... AB29: =+IFERROR((SUM(AB13:AB14))/AVERAGE(AB10,AB15),0) -> -0.03425874
C31: % Growth New (YoY) | P31: =+IFERROR(P11/D11-1,0) -> -0.15661975 | Q31: =+IFERROR(Q11/E11-1,0) -> -0.15661975 | R31: =+IFERROR(R11/F11-1,0) -> -0.15661975 | S31: =+IFERROR(S11/G11-1,0) -> 0 | T31: =+IFERROR(T11/H11-1,0) -> 0 | U31: =+IFERROR(U11/I11-1,0) -> 0 | V31: =+IFERROR(V11/J11-1,0) -> 0 | W31: =+IFERROR(W11/K11-1,0) -> 0.87210341 | ... AB31: =+IFERROR(AB11/P11-1,0) -> 0.87210341
C32: % Growth Upsell (YoY) | P32: =+IFERROR(P12/D12-1,0) -> -0.055517327 | Q32: =+IFERROR(Q12/E12-1,0) -> -0.54832363 | R32: =+IFERROR(R12/F12-1,0) -> -0.58879057 | S32: =+IFERROR(S12/G12-1,0) -> -0.36094404 | T32: =+IFERROR(T12/H12-1,0) -> -0.29365247 | U32: =+IFERROR(U12/I12-1,0) -> -0.31130353 | V32: =+IFERROR(V12/J12-1,0) -> -0.12819937 | W32: =+IFERROR(W12/K12-1,0) -> -0.039532491 | ... AB32: =+IFERROR(AB12/P12-1,0) -> 0.43676051
C33: % Growth New + Upsell (YoY) | P33: =+IFERROR(P39/D39-1,0) -> -0.13381633 | Q33: =+IFERROR(Q39/E39-1,0) -> -0.27081026 | R33: =+IFERROR(R39/F39-1,0) -> -0.28740336 | S33: =+IFERROR(S39/G39-1,0) -> 1.6253451 | T33: =+IFERROR(T39/H39-1,0) -> 1.7968945 | U33: =+IFERROR(U39/I39-1,0) -> 1.5778694 | V33: =+IFERROR(V39/J39-1,0) -> 5.5939823 | W33: =+IFERROR(W39/K39-1,0) -> 0.55401191 | ... AB33: =+IFERROR(AB39/P39-1,0) -> 0.76503684
C34: % Growth Churn (YoY) | P34: =+IFERROR(P14/D14-1,0) -> -0.52014992 | Q34: =+IFERROR(Q14/E14-1,0) -> -0.37754755 | R34: =+IFERROR(R14/F14-1,0) -> -0.37186459 | S34: =+IFERROR(S14/G14-1,0) -> -0.53137236 | T34: =+IFERROR(T14/H14-1,0) -> -0.54086158 | U34: =+IFERROR(U14/I14-1,0) -> -0.63194934 | V34: =+IFERROR(V14/J14-1,0) -> -0.63580229 | W34: =+IFERROR(W14/K14-1,0) -> -0.79469534 | ... AB34: =+IFERROR(AB14/P14-1,0) -> -0.40472441
C35: % Growth Downsell + Churn (YoY) | P35: =+IFERROR(P40/D40-1,0) -> -0.60401537 | Q35: =+IFERROR(Q40/E40-1,0) -> -0.44642438 | R35: =+IFERROR(R40/F40-1,0) -> -0.39831821 | S35: =+IFERROR(S40/G40-1,0) -> -0.49388923 | T35: =+IFERROR(T40/H40-1,0) -> -0.51026683 | U35: =+IFERROR(U40/I40-1,0) -> -0.55749893 | V35: =+IFERROR(V40/J40-1,0) -> -0.53829602 | W35: =+IFERROR(W40/K40-1,0) -> -0.64882127 | ... AB35: =+IFERROR(AB40/P40-1,0) -> -0.018882608
C37: % Growth | D37: =+IFERROR(D15/D10-1,0) -> -0.0060604714 | E37: =+IFERROR(E15/E10-1,0) -> -0.0016326054 | F37: =+IFERROR(F15/F10-1,0) -> 0.0079500698 | G37: =+IFERROR(G15/G10-1,0) -> -0.07069824 | H37: =+IFERROR(H15/H10-1,0) -> -0.072644519 | I37: =+IFERROR(I15/I10-1,0) -> -0.07816607 | J37: =+IFERROR(J15/J10-1,0) -> -0.075986228 | K37: =+IFERROR(K15/K10-1,0) -> -0.010070121 | ... AB37: =+IFERROR(AB15/AB10-1,0) -> 0.096440101
C38: Net New ARR | D38: =+D15-D10 -> -1309.2 | E38: =+E15-E10 -> -352.68 | F38: =+F15-F10 -> 1701.12 | G38: =+G15-G10 -> -16254.6 | H38: =+H15-H10 -> -16712.88 | I38: =+I15-I10 -> -18003.6 | J38: =+J15-J10 -> -17460.24 | K38: =+K15-K10 -> -2252.4 | ... AB38: =+AB15-AB10 -> 21533.52
C39: New + Upsell | D39: =+SUM(D11:D12) -> 19329.48 | E39: =+SUM(E11:E12) -> 21129.48 | F39: =+SUM(F11:F12) -> 21465.72 | G39: =+SUM(G11:G12) -> 6564.12 | H39: =+SUM(H11:H12) -> 6236.76 | I39: =+SUM(I11:I12) -> 6901.56 | J39: =+SUM(J11:J12) -> 6409.08 | K39: =+SUM(K11:K12) -> 19391.28 | ... AB39: =+SUM(AB11:AB12) -> 29551.8
C40: Downsell + Churn | D40: =+SUM(D13:D14) -> -20638.68 | E40: =+SUM(E13:E14) -> -21482.16 | F40: =+SUM(F13:F14) -> -19764.6 | G40: =+SUM(G13:G14) -> -22818.72 | H40: =+SUM(H13:H14) -> -22949.64 | I40: =+SUM(I13:I14) -> -24905.16 | J40: =+SUM(J13:J14) -> -23869.32 | K40: =+SUM(K13:K14) -> -21643.68 | ... AB40: =+SUM(AB13:AB14) -> -8018.28
C42: Gross Retention % | D42: =+IFERROR((SUM(D10,D13:D14)/D10),0) -> 0.90446064 | E42: =+IFERROR((SUM(E10,E13:E14)/E10),0) -> 0.90055605 | F42: =+IFERROR((SUM(F10,F13:F14)/F10),0) -> 0.90763147 | G42: =+IFERROR((SUM(G10,G13:G14)/G10),0) -> 0.90075158 | H42: =+IFERROR((SUM(H10,H13:H14)/H10),0) -> 0.90024666 | I42: =+IFERROR((SUM(I10,I13:I14)/I10),0) -> 0.89186949 | J42: =+IFERROR((SUM(J10,J13:J14)/J10),0) -> 0.89612173 | K42: =+IFERROR((SUM(K10,K13:K14)/K10),0) -> 0.90323456 | ... AB42: =+IFERROR((SUM(AB10,AB13:AB14)/AB10),0) -> 0.9640893
C43: Loss-Only Retention % | D43: =+IFERROR((SUM(D10,D14)/D10),0) -> 0.92648943 | E43: =+IFERROR((SUM(E10,E14)/E10),0) -> 0.92648943 | F43: =+IFERROR((SUM(F10,F14)/F10),0) -> 0.92018188 | G43: =+IFERROR((SUM(G10,G14)/G10),0) -> 0.91468715 | H43: =+IFERROR((SUM(H10,H14)/H10),0) -> 0.91591118 | I43: =+IFERROR((SUM(I10,I14)/I10),0) -> 0.90982794 | J43: =+IFERROR((SUM(J10,J14)/J10),0) -> 0.9086585 | K43: =+IFERROR((SUM(K10,K14)/K10),0) -> 0.90644767 | ... AB43: =+IFERROR((SUM(AB10,AB14)/AB10),0) -> 0.97968505
C44: Net Retention % | D44: =+IFERROR((SUM(D10,D12:D14)/D10),0) -> 0.9246424 | E44: =+IFERROR((SUM(E10,E12:E14)/E10),0) -> 0.92907026 | F44: =+IFERROR((SUM(F10,F12:F14)/F10),0) -> 0.9379899 | G44: =+IFERROR((SUM(G10,G12:G14)/G10),0) -> 0.92930176 | H44: =+IFERROR((SUM(H10,H12:H14)/H10),0) -> 0.92735548 | I44: =+IFERROR((SUM(I10,I12:I14)/I10),0) -> 0.92183393 | J44: =+IFERROR((SUM(J10,J12:J14)/J10),0) -> 0.92401377 | K44: =+IFERROR((SUM(K10,K12:K14)/K10),0) -> 0.93348463 | ... AB44: =+IFERROR((SUM(AB10,AB12:AB14)/AB10),0) -> 0.99058526
C46: Customer Waterfall
C48: BoP Customers | D48: =+COUNTIFS('Quikirr Data'!C$4:C$103,">"&0) -> 79 | E48: =+COUNTIFS('Quikirr Data'!D$4:D$103,">"&0) -> 79 | F48: =+COUNTIFS('Quikirr Data'!E$4:E$103,">"&0) -> 79 | G48: =+COUNTIFS('Quikirr Data'!F$4:F$103,">"&0) -> 86 | H48: =+COUNTIFS('Quikirr Data'!G$4:G$103,">"&0) -> 86 | I48: =+COUNTIFS('Quikirr Data'!H$4:H$103,">"&0) -> 86 | J48: =+COUNTIFS('Quikirr Data'!I$4:I$103,">"&0) -> 86 | K48: =+COUNTIFS('Quikirr Data'!J$4:J$103,">"&0) -> 86 | ... AB48: =+COUNTIFS('Quikirr Data'!AA$4:AA$103,">"&0) -> 80
A49: NEW | C49: New | D49: =+COUNTIFS('Quikirr Data'!HV$4:HV$103,">"&0) -> 6 | E49: =+COUNTIFS('Quikirr Data'!HW$4:HW$103,">"&0) -> 6 | F49: =+COUNTIFS('Quikirr Data'!HX$4:HX$103,">"&0) -> 6 | G49: =+COUNTIFS('Quikirr Data'!HY$4:HY$103,">"&0) -> 0 | H49: =+COUNTIFS('Quikirr Data'!HZ$4:HZ$103,">"&0) -> 0 | I49: =+COUNTIFS('Quikirr Data'!IA$4:IA$103,">"&0) -> 0 | J49: =+COUNTIFS('Quikirr Data'!IB$4:IB$103,">"&0) -> 0 | K49: =+COUNTIFS('Quikirr Data'!IC$4:IC$103,">"&0) -> 5 | ... AB49: =+COUNTIFS('Quikirr Data'!IT$4:IT$103,">"&0) -> 7
A50: CHURN | C50: (Churn) | D50: =+COUNTIFS('Quikirr Data'!IV$4:IV$103,"<"&0)*-1 -> -6 | E50: =+COUNTIFS('Quikirr Data'!IW$4:IW$103,"<"&0)*-1 -> -6 | F50: =+COUNTIFS('Quikirr Data'!IX$4:IX$103,"<"&0)*-1 -> -7 | G50: =+COUNTIFS('Quikirr Data'!IY$4:IY$103,"<"&0)*-1 -> -9 | H50: =+COUNTIFS('Quikirr Data'!IZ$4:IZ$103,"<"&0)*-1 -> -9 | I50: =+COUNTIFS('Quikirr Data'!JA$4:JA$103,"<"&0)*-1 -> -10 | J50: =+COUNTIFS('Quikirr Data'!JB$4:JB$103,"<"&0)*-1 -> -10 | K50: =+COUNTIFS('Quikirr Data'!JC$4:JC$103,"<"&0)*-1 -> -11 | ... AB50: =+COUNTIFS('Quikirr Data'!JT$4:JT$103,"<"&0)*-1 -> -2
C51: EoP Customers | D51: =+SUM(D48:D50) -> 79 | E51: =+SUM(E48:E50) -> 79 | F51: =+SUM(F48:F50) -> 78 | G51: =+SUM(G48:G50) -> 77 | H51: =+SUM(H48:H50) -> 77 | I51: =+SUM(I48:I50) -> 76 | J51: =+SUM(J48:J50) -> 76 | K51: =+SUM(K48:K50) -> 80 | ... AB51: =+SUM(AB48:AB50) -> 85
C53: Net Logos Added | D53: =+SUM(D49:D50) -> 0 | E53: =+SUM(E49:E50) -> 0 | F53: =+SUM(F49:F50) -> -1 | G53: =+SUM(G49:G50) -> -9 | H53: =+SUM(H49:H50) -> -9 | I53: =+SUM(I49:I50) -> -10 | J53: =+SUM(J49:J50) -> -10 | K53: =+SUM(K49:K50) -> -6 | ... AB53: =+SUM(AB49:AB50) -> 5
C54: Logo % Growth | D54: =+IFERROR(D51/D48-1,0) -> 0 | E54: =+IFERROR(E51/E48-1,0) -> 0 | F54: =+IFERROR(F51/F48-1,0) -> -0.012658228 | G54: =+IFERROR(G51/G48-1,0) -> -0.10465116 | H54: =+IFERROR(H51/H48-1,0) -> -0.10465116 | I54: =+IFERROR(I51/I48-1,0) -> -0.11627907 | J54: =+IFERROR(J51/J48-1,0) -> -0.11627907 | K54: =+IFERROR(K51/K48-1,0) -> -0.069767442 | ... AB54: =+IFERROR(AB51/AB48-1,0) -> 0.0625
C56: Gross Logo Retention % | D56: =+IFERROR((D50/D48+1),0) -> 0.92405063 | E56: =+IFERROR((E50/E48+1),0) -> 0.92405063 | F56: =+IFERROR((F50/F48+1),0) -> 0.91139241 | G56: =+IFERROR((G50/G48+1),0) -> 0.89534884 | H56: =+IFERROR((H50/H48+1),0) -> 0.89534884 | I56: =+IFERROR((I50/I48+1),0) -> 0.88372093 | J56: =+IFERROR((J50/J48+1),0) -> 0.88372093 | K56: =+IFERROR((K50/K48+1),0) -> 0.87209302 | ... AB56: =+IFERROR((AB50/AB48+1),0) -> 0.975
C58: ="Avg. Logo Size ("&ToC!$E$12&" Actuals)" -> Avg. Logo Size ($ Actuals) | D58: =+IFERROR(D15*ToC!$E$10/D51,0) -> 2717.8937 | E58: =+IFERROR(E15*ToC!$E$10/E51,0) -> 2730.0015 | F58: =+IFERROR(F15*ToC!$E$10/F51,0) -> 2765.0846 | G58: =+IFERROR(G15*ToC!$E$10/G51,0) -> 2774.813 | H58: =+IFERROR(H15*ToC!$E$10/H51,0) -> 2770.7922 | I58: =+IFERROR(I15*ToC!$E$10/I51,0) -> 2793.7026 | J58: =+IFERROR(J15*ToC!$E$10/J51,0) -> 2793.7026 | K58: =+IFERROR(K15*ToC!$E$10/K51,0) -> 2767.74 | ... AB58: =+IFERROR(AB15*ToC!$E$10/AB51,0) -> 2880.2047
C59: Avg Logo Size YoY Growth | D59: ="" | E59: ="" | F59: ="" | G59: ="" | H59: ="" | I59: ="" | J59: ="" | K59: ="" | ... O59: ="" | P59: =+IFERROR(P58/D58-1,0) -> 0.026916001 | Q59: =+IFERROR(Q58/E58-1,0) -> 0.016299894 | R59: =+IFERROR(R58/F58-1,0) -> 0.015784744 | S59: =+IFERROR(S58/G58-1,0) -> 0.013442657 | T59: =+IFERROR(T58/H58-1,0) -> 0.015887189 | U59: =+IFERROR(U58/I58-1,0) -> 0.0054305045 | V59: =+IFERROR(V58/J58-1,0) -> 0.025677398 | W59: =+IFERROR(W58/K58-1,0) -> 0.036958504 | ... AB59: =+IFERROR(AB58/P58-1,0) -> 0.031943625
C61: ="Avg. New Logo Size ("&ToC!$E$12&" Actuals)" -> Avg. New Logo Size ($ Actuals) | D61: =+IFERROR(D11*ToC!$E$10/D49,0) -> 2494.96 | E61: =+IFERROR(E11*ToC!$E$10/E49,0) -> 2494.96 | F61: =+IFERROR(F11*ToC!$E$10/F49,0) -> 2494.96 | G61: =+IFERROR(G11*ToC!$E$10/G49,0) -> 0 | H61: =+IFERROR(H11*ToC!$E$10/H49,0) -> 0 | I61: =+IFERROR(I11*ToC!$E$10/I49,0) -> 0 | J61: =+IFERROR(J11*ToC!$E$10/J49,0) -> 0 | K61: =+IFERROR(K11*ToC!$E$10/K49,0) -> 2525.04 | ... AB61: =+IFERROR(AB11*ToC!$E$10/AB49,0) -> 3376.5257
C62: Avg New Logo Size YoY Growth | D62: ="" | E62: ="" | F62: ="" | G62: ="" | H62: ="" | I62: ="" | J62: ="" | K62: ="" | ... O62: ="" | P62: =+IFERROR(P61/D61-1,0) -> 0.012056306 | Q62: =+IFERROR(Q61/E61-1,0) -> 0.012056306 | R62: =+IFERROR(R61/F61-1,0) -> 0.012056306 | S62: =+IFERROR(S61/G61-1,0) -> 0 | T62: =+IFERROR(T61/H61-1,0) -> 0 | U62: =+IFERROR(U61/I61-1,0) -> 0 | V62: =+IFERROR(V61/J61-1,0) -> 0 | W62: =+IFERROR(W61/K61-1,0) -> 0.33721672 | ... AB62: =+IFERROR(AB61/P61-1,0) -> 0.33721672
C64: ="Avg. Churned Logo Size ("&ToC!$E$12&" Actuals)" -> Avg. Churned Logo Size ($ Actuals) | D64: =+IFERROR(D14*ToC!$E$10/D50,0) -> 2646.66 | E64: =+IFERROR(E14*ToC!$E$10/E50,0) -> 2646.66 | F64: =+IFERROR(F14*ToC!$E$10/F50,0) -> 2439.8743 | G64: =+IFERROR(G14*ToC!$E$10/G50,0) -> 2179.4133 | H64: =+IFERROR(H14*ToC!$E$10/H50,0) -> 2149.5333 | I64: =+IFERROR(I14*ToC!$E$10/I50,0) -> 2076.888 | J64: =+IFERROR(J14*ToC!$E$10/J50,0) -> 2098.86 | K64: =+IFERROR(K14*ToC!$E$10/K50,0) -> 1902.2727 | ... AB64: =+IFERROR(AB14*ToC!$E$10/AB50,0) -> 2268
C65: Avg Churned Logo Size YoY Growth | D65: ="" | E65: ="" | F65: ="" | G65: ="" | H65: ="" | I65: ="" | J65: ="" | K65: ="" | ... O65: ="" | P65: =+IFERROR(P64/D64-1,0) -> -0.28022489 | Q65: =+IFERROR(Q64/E64-1,0) -> -0.25305706 | R65: =+IFERROR(R64/F64-1,0) -> -0.12061043 | S65: =+IFERROR(S64/G64-1,0) -> 0.054412197 | T65: =+IFERROR(T64/H64-1,0) -> 0.03306144 | U65: =+IFERROR(U64/I64-1,0) -> 0.22683553 | V65: =+IFERROR(V64/J64-1,0) -> 0.21399236 | W65: =+IFERROR(W64/K64-1,0) -> 0.12917563 | ... AB65: =+IFERROR(AB64/P64-1,0) -> 0.19055118
C68: Check - ARR | D68: =+SUMIFS('Quikirr Data'!O$4:O$103,'Quikirr Data'!O$4:O$103,"<>"&0)*ToC!$E$15/ToC!$E$10-D15 -> 0 | E68: =+SUMIFS('Quikirr Data'!P$4:P$103,'Quikirr Data'!P$4:P$103,"<>"&0)*ToC!$E$15/ToC!$E$10-E15 -> 0 | F68: =+SUMIFS('Quikirr Data'!Q$4:Q$103,'Quikirr Data'!Q$4:Q$103,"<>"&0)*ToC!$E$15/ToC!$E$10-F15 -> 0 | G68: =+SUMIFS('Quikirr Data'!R$4:R$103,'Quikirr Data'!R$4:R$103,"<>"&0)*ToC!$E$15/ToC!$E$10-G15 -> 0 | H68: =+SUMIFS('Quikirr Data'!S$4:S$103,'Quikirr Data'!S$4:S$103,"<>"&0)*ToC!$E$15/ToC!$E$10-H15 -> 0 | I68: =+SUMIFS('Quikirr Data'!T$4:T$103,'Quikirr Data'!T$4:T$103,"<>"&0)*ToC!$E$15/ToC!$E$10-I15 -> 0 | J68: =+SUMIFS('Quikirr Data'!U$4:U$103,'Quikirr Data'!U$4:U$103,"<>"&0)*ToC!$E$15/ToC!$E$10-J15 -> 0 | K68: =+SUMIFS('Quikirr Data'!V$4:V$103,'Quikirr Data'!V$4:V$103,"<>"&0)*ToC!$E$15/ToC!$E$10-K15 -> 0 | ... AB68: =+SUMIFS('Quikirr Data'!AM$4:AM$103,'Quikirr Data'!AM$4:AM$103,"<>"&0)*ToC!$E$15/ToC!$E$10-AB15 -> 0
C69: Check - Customer Count | D69: =+COUNTIFS('Quikirr Data'!O$4:O$103,">"&0)-D51 -> 0 | E69: =+COUNTIFS('Quikirr Data'!P$4:P$103,">"&0)-E51 -> 0 | F69: =+COUNTIFS('Quikirr Data'!Q$4:Q$103,">"&0)-F51 -> 0 | G69: =+COUNTIFS('Quikirr Data'!R$4:R$103,">"&0)-G51 -> 0 | H69: =+COUNTIFS('Quikirr Data'!S$4:S$103,">"&0)-H51 -> 0 | I69: =+COUNTIFS('Quikirr Data'!T$4:T$103,">"&0)-I51 -> 0 | J69: =+COUNTIFS('Quikirr Data'!U$4:U$103,">"&0)-J51 -> 0 | K69: =+COUNTIFS('Quikirr Data'!V$4:V$103,">"&0)-K51 -> 0 | ... AB69: =+COUNTIFS('Quikirr Data'!AM$4:AM$103,">"&0)-AB51 -> 0

Sheet Customers >

Sheet Top Customers
C2: Rank As Of
C3: 46022
C4: 46022
C5: 45657
C6: 45291
C7: 44926
C9: ="Top Customers as of " & TEXT('Top Customers'!C3, "mmm-yy") -> Top Customers as of Dec-25
C10: ="("&ToC!$E$12&" "&ToC!$E$11&")" -> ($ Actuals)
F11: ARR | O11: $ Growth | U11: % Growth
C12: Rank | D12: Customer | F12: 44926 | G12: 45291 | H12: 45657 | I12: 46022 | K12: =TEXT($F$12,"mmm 'yy")&" - "&TEXT($I$12,"mmm 'yy")&" CAGR" -> Dec '22 - Dec '25 CAGR | L12: ="% of "&TEXT($I$12,"mmm 'yy")&" ARR" -> % of Dec '25 ARR | M12: % Total Cum. | O12: =TEXT($F$12,"mmm 'yy")&" - "&TEXT($G$12,"mmm 'yy") -> Dec '22 - Dec '23 | P12: =TEXT($G$12,"mmm 'yy")&" - "&TEXT($H$12,"mmm 'yy") -> Dec '23 - Dec '24 | Q12: =TEXT($H$12,"mmm 'yy")&" - "&TEXT($I$12,"mmm 'yy") -> Dec '24 - Dec '25 | R12: ="% of "&$Q$12&" Growth" -> % of Dec '24 - Dec '25 Growth | S12: Mult. of Initial | U12: =TEXT($F$12,"mmm 'yy")&" - "&TEXT($G$12,"mmm 'yy") -> Dec '22 - Dec '23 | V12: =TEXT($G$12,"mmm 'yy")&" - "&TEXT($H$12,"mmm 'yy") -> Dec '23 - Dec '24 | W12: =TEXT($H$12,"mmm 'yy")&" - "&TEXT($I$12,"mmm 'yy") -> Dec '24 - Dec '25 | Y12: Customer Since
C14: 1 | D14: =+IFERROR(INDEX('Quikirr Data'!$B$4:$B$103,MATCH($C14,'Quikirr Data'!$NB$4:$NB$103,0),1),"") -> 61 | F14: =+IFERROR(INDEX('Quikirr Data'!$C$4:$AM$103,MATCH($C14,'Quikirr Data'!$NB$4:$NB$103,0),MATCH(F$12,'Quikirr Data'!$C$3:$AM$3,0)),0)*ToC!$E$15/ToC!$E$10 -> 4644 | G14: =+IFERROR(INDEX('Quikirr Data'!$C$4:$AM$103,MATCH($C14,'Quikirr Data'!$NB$4:$NB$103,0),MATCH(G$12,'Quikirr Data'!$C$3:$AM$3,0)),0)*ToC!$E$15/ToC!$E$10 -> 4644 | H14: =+IFERROR(INDEX('Quikirr Data'!$C$4:$AM$103,MATCH($C14,'Quikirr Data'!$NB$4:$NB$103,0),MATCH(H$12,'Quikirr Data'!$C$3:$AM$3,0)),0)*ToC!$E$15/ToC!$E$10 -> 4644 | I14: =+IFERROR(INDEX('Quikirr Data'!$C$4:$AM$103,MATCH($C14,'Quikirr Data'!$NB$4:$NB$103,0),MATCH(I$12,'Quikirr Data'!$C$3:$AM$3,0)),0)*ToC!$E$15/ToC!$E$10 -> 4798.56 | K14: =+IFERROR((I14/F14)^(1/YEARFRAC($F$12,$I$12))-1,0) -> 0.010973037 | L14: =+IFERROR(I14/I$27,0) -> 0.019600568 | M14: =+IFERROR(SUM(I$14:I14)/I$27,0) -> 0.019600568 | O14: =+G14-F14 -> 0 | P14: =+H14-G14 -> 0 | Q14: =+I14-H14 -> 154.56 | R14: {=+IFERROR(INDEX($O14:$Q14,MAX(MATCH('Top Customers'!$C$3,$F$12:$I$12,0)-1,1))/INDEX($O$27:$Q$27,MAX(MATCH('Top Customers'!$C$3,$F$12:$I$12,0)-1,1)),0)} -> 0.0071776468 | S14: {=+IFERROR(I14/INDEX($F14:$I14,MATCH(TRUE,$F14:$I14<>0,0)),0)} -> 1.0332817 | U14: =+IFERROR(G14/F14-1,0) -> 0 | V14: =+IFERROR(H14/G14-1,0) -> 0 | W14: =+IFERROR(I14/H14-1,0) -> 0.033281654 | Y14: {=+IFERROR(INDEX('Quikirr Data'!$BD$4:$BD$103, MATCH(1,('Quikirr Data'!$B$4:$B$103=$D14)*('Quikirr Data'!$NB$4:$NB$103=$C14),0), 1),"N/A")} -> 44926
C15: =+C14+1 -> 2 | D15: =+IFERROR(INDEX('Quikirr Data'!$B$4:$B$103,MATCH($C15,'Quikirr Data'!$NB$4:$NB$103,0),1),"") -> 2 | F15: =+IFERROR(INDEX('Quikirr Data'!$C$4:$AM$103,MATCH($C15,'Quikirr Data'!$NB$4:$NB$103,0),MATCH(F$12,'Quikirr Data'!$C$3:$AM$3,0)),0)*ToC!$E$15/ToC!$E$10 -> 4345.8 | G15: =+IFERROR(INDEX('Quikirr Data'!$C$4:$AM$103,MATCH($C15,'Quikirr Data'!$NB$4:$NB$103,0),MATCH(G$12,'Quikirr Data'!$C$3:$AM$3,0)),0)*ToC!$E$15/ToC!$E$10 -> 4308 | H15: =+IFERROR(INDEX('Quikirr Data'!$C$4:$AM$103,MATCH($C15,'Quikirr Data'!$NB$4:$NB$103,0),MATCH(H$12,'Quikirr Data'!$C$3:$AM$3,0)),0)*ToC!$E$15/ToC!$E$10 -> 4308 | I15: =+IFERROR(INDEX('Quikirr Data'!$C$4:$AM$103,MATCH($C15,'Quikirr Data'!$NB$4:$NB$103,0),MATCH(I$12,'Quikirr Data'!$C$3:$AM$3,0)),0)*ToC!$E$15/ToC!$E$10 -> 4788 | K15: =+IFERROR((I15/F15)^(1/YEARFRAC($F$12,$I$12))-1,0) -> 0.032828314 | L15: =+IFERROR(I15/I$27,0) -> 0.019557433 | M15: =+IFERROR(SUM(I$14:I15)/I$27,0) -> 0.039158001 | O15: =+G15-F15 -> -37.8 | P15: =+H15-G15 -> 0 | Q15: =+I15-H15 -> 480 | R15: {=+IFERROR(INDEX($O15:$Q15,MAX(MATCH('Top Customers'!$C$3,$F$12:$I$12,0)-1,1))/INDEX($O$27:$Q$27,MAX(MATCH('Top Customers'!$C$3,$F$12:$I$12,0)-1,1)),0)} -> 0.022290828 | S15: {=+IFERROR(I15/INDEX($F15:$I15,MATCH(TRUE,$F15:$I15<>0,0)),0)} -> 1.1017534 | U15: =+IFERROR(G15/F15-1,0) -> -0.0086980533 | V15: =+IFERROR(H15/G15-1,0) -> 0 | W15: =+IFERROR(I15/H15-1,0) -> 0.11142061 | Y15: {=+IFERROR(INDEX('Quikirr Data'!$BD$4:$BD$103, MATCH(1,('Quikirr Data'!$B$4:$B$103=$D15)*('Quikirr Data'!$NB$4:$NB$103=$C15),0), 1),"N/A")} -> 44926
C16: =+C15+1 -> 3 | D16: =+IFERROR(INDEX('Quikirr Data'!$B$4:$B$103,MATCH($C16,'Quikirr Data'!$NB$4:$NB$103,0),1),"") -> 13 | F16: =+IFERROR(INDEX('Quikirr Data'!$C$4:$AM$103,MATCH($C16,'Quikirr Data'!$NB$4:$NB$103,0),MATCH(F$12,'Quikirr Data'!$C$3:$AM$3,0)),0)*ToC!$E$15/ToC!$E$10 -> 4428 | G16: =+IFERROR(INDEX('Quikirr Data'!$C$4:$AM$103,MATCH($C16,'Quikirr Data'!$NB$4:$NB$103,0),MATCH(G$12,'Quikirr Data'!$C$3:$AM$3,0)),0)*ToC!$E$15/ToC!$E$10 -> 4428 | H16: =+IFERROR(INDEX('Quikirr Data'!$C$4:$AM$103,MATCH($C16,'Quikirr Data'!$NB$4:$NB$103,0),MATCH(H$12,'Quikirr Data'!$C$3:$AM$3,0)),0)*ToC!$E$15/ToC!$E$10 -> 4583.04 | I16: =+IFERROR(INDEX('Quikirr Data'!$C$4:$AM$103,MATCH($C16,'Quikirr Data'!$NB$4:$NB$103,0),MATCH(I$12,'Quikirr Data'!$C$3:$AM$3,0)),0)*ToC!$E$15/ToC!$E$10 -> 4583.04 | K16: =+IFERROR((I16/F16)^(1/YEARFRAC($F$12,$I$12))-1,0) -> 0.011537556 | L16: =+IFERROR(I16/I$27,0) -> 0.018720238 | M16: =+IFERROR(SUM(I$14:I16)/I$27,0) -> 0.057878239 | O16: =+G16-F16 -> 0 | P16: =+H16-G16 -> 155.04 | Q16: =+I16-H16 -> 0 | R16: {=+IFERROR(INDEX($O16:$Q16,MAX(MATCH('Top Customers'!$C$3,$F$12:$I$12,0)-1,1))/INDEX($O$27:$Q$27,MAX(MATCH('Top Customers'!$C$3,$F$12:$I$12,0)-1,1)),0)} -> 0 | S16: {=+IFERROR(I16/INDEX($F16:$I16,MATCH(TRUE,$F16:$I16<>0,0)),0)} -> 1.0350136 | U16: =+IFERROR(G16/F16-1,0) -> 0 | V16: =+IFERROR(H16/G16-1,0) -> 0.03501355 | W16: =+IFERROR(I16/H16-1,0) -> 0 | Y16: {=+IFERROR(INDEX('Quikirr Data'!$BD$4:$BD$103, MATCH(1,('Quikirr Data'!$B$4:$B$103=$D16)*('Quikirr Data'!$NB$4:$NB$103=$C16),0), 1),"N/A")} -> 44926
C17: =+C16+1 -> 4 | D17: =+IFERROR(INDEX('Quikirr Data'!$B$4:$B$103,MATCH($C17,'Quikirr Data'!$NB$4:$NB$103,0),1),"") -> 53 | F17: =+IFERROR(INDEX('Quikirr Data'!$C$4:$AM$103,MATCH($C17,'Quikirr Data'!$NB$4:$NB$103,0),MATCH(F$12,'Quikirr Data'!$C$3:$AM$3,0)),0)*ToC!$E$15/ToC!$E$10 -> 2628 | G17: =+IFERROR(INDEX('Quikirr Data'!$C$4:$AM$103,MATCH($C17,'Quikirr Data'!$NB$4:$NB$103,0),MATCH(G$12,'Quikirr Data'!$C$3:$AM$3,0)),0)*ToC!$E$15/ToC!$E$10 -> 2628 | H17: =+IFERROR(INDEX('Quikirr Data'!$C$4:$AM$103,MATCH($C17,'Quikirr Data'!$NB$4:$NB$103,0),MATCH(H$12,'Quikirr Data'!$C$3:$AM$3,0)),0)*ToC!$E$15/ToC!$E$10 -> 4428 | I17: =+IFERROR(INDEX('Quikirr Data'!$C$4:$AM$103,MATCH($C17,'Quikirr Data'!$NB$4:$NB$103,0),MATCH(I$12,'Quikirr Data'!$C$3:$AM$3,0)),0)*ToC!$E$15/ToC!$E$10 -> 4574.64 | K17: =+IFERROR((I17/F17)^(1/YEARFRAC($F$12,$I$12))-1,0) -> 0.20293969 | L17: =+IFERROR(I17/I$27,0) -> 0.018685927 | M17: =+IFERROR(SUM(I$14:I17)/I$27,0) -> 0.076564166 | O17: =+G17-F17 -> 0 | P17: =+H17-G17 -> 1800 | Q17: =+I17-H17 -> 146.64 | R17: {=+IFERROR(INDEX($O17:$Q17,MAX(MATCH('Top Customers'!$C$3,$F$12:$I$12,0)-1,1))/INDEX($O$27:$Q$27,MAX(MATCH('Top Customers'!$C$3,$F$12:$I$12,0)-1,1)),0)} -> 0.0068098481 | S17: {=+IFERROR(I17/INDEX($F17:$I17,MATCH(TRUE,$F17:$I17<>0,0)),0)} -> 1.7407306 | U17: =+IFERROR(G17/F17-1,0) -> 0 | V17: =+IFERROR(H17/G17-1,0) -> 0.68493151 | W17: =+IFERROR(I17/H17-1,0) -> 0.033116531 | Y17: {=+IFERROR(INDEX('Quikirr Data'!$BD$4:$BD$103, MATCH(1,('Quikirr Data'!$B$4:$B$103=$D17)*('Quikirr Data'!$NB$4:$NB$103=$C17),0), 1),"N/A")} -> 44926
C18: =+C17+1 -> 5 | D18: =+IFERROR(INDEX('Quikirr Data'!$B$4:$B$103,MATCH($C18,'Quikirr Data'!$NB$4:$NB$103,0),1),"") -> 94 | F18: =+IFERROR(INDEX('Quikirr Data'!$C$4:$AM$103,MATCH($C18,'Quikirr Data'!$NB$4:$NB$103,0),MATCH(F$12,'Quikirr Data'!$C$3:$AM$3,0)),0)*ToC!$E$15/ToC!$E$10 -> 4188 | G18: =+IFERROR(INDEX('Quikirr Data'!$C$4:$AM$103,MATCH($C18,'Quikirr Data'!$NB$4:$NB$103,0),MATCH(G$12,'Quikirr Data'!$C$3:$AM$3,0)),0)*ToC!$E$15/ToC!$E$10 -> 4188 | H18: =+IFERROR(INDEX('Quikirr Data'!$C$4:$AM$103,MATCH($C18,'Quikirr Data'!$NB$4:$NB$103,0),MATCH(H$12,'Quikirr Data'!$C$3:$AM$3,0)),0)*ToC!$E$15/ToC!$E$10 -> 4334.64 | I18: =+IFERROR(INDEX('Quikirr Data'!$C$4:$AM$103,MATCH($C18,'Quikirr Data'!$NB$4:$NB$103,0),MATCH(I$12,'Quikirr Data'!$C$3:$AM$3,0)),0)*ToC!$E$15/ToC!$E$10 -> 4486.32 | K18: =+IFERROR((I18/F18)^(1/YEARFRAC($F$12,$I$12))-1,0) -> 0.023201555 | L18: =+IFERROR(I18/I$27,0) -> 0.018325168 | M18: =+IFERROR(SUM(I$14:I18)/I$27,0) -> 0.094889334 | O18: =+G18-F18 -> 0 | P18: =+H18-G18 -> 146.64 | Q18: =+I18-H18 -> 151.68 | R18: {=+IFERROR(INDEX($O18:$Q18,MAX(MATCH('Top Customers'!$C$3,$F$12:$I$12,0)-1,1))/INDEX($O$27:$Q$27,MAX(MATCH('Top Customers'!$C$3,$F$12:$I$12,0)-1,1)),0)} -> 0.0070439018 | S18: {=+IFERROR(I18/INDEX($F18:$I18,MATCH(TRUE,$F18:$I18<>0,0)),0)} -> 1.0712321 | U18: =+IFERROR(G18/F18-1,0) -> 0 | V18: =+IFERROR(H18/G18-1,0) -> 0.035014327 | W18: =+IFERROR(I18/H18-1,0) -> 0.034992525 | Y18: {=+IFERROR(INDEX('Quikirr Data'!$BD$4:$BD$103, MATCH(1,('Quikirr Data'!$B$4:$B$103=$D18)*('Quikirr Data'!$NB$4:$NB$103=$C18),0), 1),"N/A")} -> 44926
C19: =+C18+1 -> 6 | D19: =+IFERROR(INDEX('Quikirr Data'!$B$4:$B$103,MATCH($C19,'Quikirr Data'!$NB$4:$NB$103,0),1),"") -> 31 | F19: =+IFERROR(INDEX('Quikirr Data'!$C$4:$AM$103,MATCH($C19,'Quikirr Data'!$NB$4:$NB$103,0),MATCH(F$12,'Quikirr Data'!$C$3:$AM$3,0)),0)*ToC!$E$15/ToC!$E$10 -> 0 | G19: =+IFERROR(INDEX('Quikirr Data'!$C$4:$AM$103,MATCH($C19,'Quikirr Data'!$NB$4:$NB$103,0),MATCH(G$12,'Quikirr Data'!$C$3:$AM$3,0)),0)*ToC!$E$15/ToC!$E$10 -> 4202.4 | H19: =+IFERROR(INDEX('Quikirr Data'!$C$4:$AM$103,MATCH($C19,'Quikirr Data'!$NB$4:$NB$103,0),MATCH(H$12,'Quikirr Data'!$C$3:$AM$3,0)),0)*ToC!$E$15/ToC!$E$10 -> 4341.48 | I19: =+IFERROR(INDEX('Quikirr Data'!$C$4:$AM$103,MATCH($C19,'Quikirr Data'!$NB$4:$NB$103,0),MATCH(I$12,'Quikirr Data'!$C$3:$AM$3,0)),0)*ToC!$E$15/ToC!$E$10 -> 4341.48 | K19: =+IFERROR((I19/F19)^(1/YEARFRAC($F$12,$I$12))-1,0) -> 0 | L19: =+IFERROR(I19/I$27,0) -> 0.017733543 | M19: =+IFERROR(SUM(I$14:I19)/I$27,0) -> 0.11262288 | O19: =+G19-F19 -> 4202.4 | P19: =+H19-G19 -> 139.08 | Q19: =+I19-H19 -> 0 | R19: {=+IFERROR(INDEX($O19:$Q19,MAX(MATCH('Top Customers'!$C$3,$F$12:$I$12,0)-1,1))/INDEX($O$27:$Q$27,MAX(MATCH('Top Customers'!$C$3,$F$12:$I$12,0)-1,1)),0)} -> 0 | S19: {=+IFERROR(I19/INDEX($F19:$I19,MATCH(TRUE,$F19:$I19<>0,0)),0)} -> 1.0330954 | U19: =+IFERROR(G19/F19-1,0) -> 0 | V19: =+IFERROR(H19/G19-1,0) -> 0.033095374 | W19: =+IFERROR(I19/H19-1,0) -> 0 | Y19: {=+IFERROR(INDEX('Quikirr Data'!$BD$4:$BD$103, MATCH(1,('Quikirr Data'!$B$4:$B$103=$D19)*('Quikirr Data'!$NB$4:$NB$103=$C19),0), 1),"N/A")} -> 45016
C20: =+C19+1 -> 7 | D20: =+IFERROR(INDEX('Quikirr Data'!$B$4:$B$103,MATCH($C20,'Quikirr Data'!$NB$4:$NB$103,0),1),"") -> 51 | F20: =+IFERROR(INDEX('Quikirr Data'!$C$4:$AM$103,MATCH($C20,'Quikirr Data'!$NB$4:$NB$103,0),MATCH(F$12,'Quikirr Data'!$C$3:$AM$3,0)),0)*ToC!$E$15/ToC!$E$10 -> 4188 | G20: =+IFERROR(INDEX('Quikirr Data'!$C$4:$AM$103,MATCH($C20,'Quikirr Data'!$NB$4:$NB$103,0),MATCH(G$12,'Quikirr Data'!$C$3:$AM$3,0)),0)*ToC!$E$15/ToC!$E$10 -> 4188 | H20: =+IFERROR(INDEX('Quikirr Data'!$C$4:$AM$103,MATCH($C20,'Quikirr Data'!$NB$4:$NB$103,0),MATCH(H$12,'Quikirr Data'!$C$3:$AM$3,0)),0)*ToC!$E$15/ToC!$E$10 -> 4188 | I20: =+IFERROR(INDEX('Quikirr Data'!$C$4:$AM$103,MATCH($C20,'Quikirr Data'!$NB$4:$NB$103,0),MATCH(I$12,'Quikirr Data'!$C$3:$AM$3,0)),0)*ToC!$E$15/ToC!$E$10 -> 4334.64 | K20: =+IFERROR((I20/F20)^(1/YEARFRAC($F$12,$I$12))-1,0) -> 0.011537809 | L20: =+IFERROR(I20/I$27,0) -> 0.017705604 | M20: =+IFERROR(SUM(I$14:I20)/I$27,0) -> 0.13032848 | O20: =+G20-F20 -> 0 | P20: =+H20-G20 -> 0 | Q20: =+I20-H20 -> 146.64 | R20: {=+IFERROR(INDEX($O20:$Q20,MAX(MATCH('Top Customers'!$C$3,$F$12:$I$12,0)-1,1))/INDEX($O$27:$Q$27,MAX(MATCH('Top Customers'!$C$3,$F$12:$I$12,0)-1,1)),0)} -> 0.0068098481 | S20: {=+IFERROR(I20/INDEX($F20:$I20,MATCH(TRUE,$F20:$I20<>0,0)),0)} -> 1.0350143 | U20: =+IFERROR(G20/F20-1,0) -> 0 | V20: =+IFERROR(H20/G20-1,0) -> 0 | W20: =+IFERROR(I20/H20-1,0) -> 0.035014327 | Y20: {=+IFERROR(INDEX('Quikirr Data'!$BD$4:$BD$103, MATCH(1,('Quikirr Data'!$B$4:$B$103=$D20)*('Quikirr Data'!$NB$4:$NB$103=$C20),0), 1),"N/A")} -> 44926
C21: =+C20+1 -> 8 | D21: =+IFERROR(INDEX('Quikirr Data'!$B$4:$B$103,MATCH($C21,'Quikirr Data'!$NB$4:$NB$103,0),1),"") -> 62 | F21: =+IFERROR(INDEX('Quikirr Data'!$C$4:$AM$103,MATCH($C21,'Quikirr Data'!$NB$4:$NB$103,0),MATCH(F$12,'Quikirr Data'!$C$3:$AM$3,0)),0)*ToC!$E$15/ToC!$E$10 -> 0 | G21: =+IFERROR(INDEX('Quikirr Data'!$C$4:$AM$103,MATCH($C21,'Quikirr Data'!$NB$4:$NB$103,0),MATCH(G$12,'Quikirr Data'!$C$3:$AM$3,0)),0)*ToC!$E$15/ToC!$E$10 -> 0 | H21: =+IFERROR(INDEX('Quikirr Data'!$C$4:$AM$103,MATCH($C21,'Quikirr Data'!$NB$4:$NB$103,0),MATCH(H$12,'Quikirr Data'!$C$3:$AM$3,0)),0)*ToC!$E$15/ToC!$E$10 -> 0 | I21: =+IFERROR(INDEX('Quikirr Data'!$C$4:$AM$103,MATCH($C21,'Quikirr Data'!$NB$4:$NB$103,0),MATCH(I$12,'Quikirr Data'!$C$3:$AM$3,0)),0)*ToC!$E$15/ToC!$E$10 -> 4334.64 | K21: =+IFERROR((I21/F21)^(1/YEARFRAC($F$12,$I$12))-1,0) -> 0 | L21: =+IFERROR(I21/I$27,0) -> 0.017705604 | M21: =+IFERROR(SUM(I$14:I21)/I$27,0) -> 0.14803409 | O21: =+G21-F21 -> 0 | P21: =+H21-G21 -> 0 | Q21: =+I21-H21 -> 4334.64 | R21: {=+IFERROR(INDEX($O21:$Q21,MAX(MATCH('Top Customers'!$C$3,$F$12:$I$12,0)-1,1))/INDEX($O$27:$Q$27,MAX(MATCH('Top Customers'!$C$3,$F$12:$I$12,0)-1,1)),0)} -> 0.20129733 | S21: {=+IFERROR(I21/INDEX($F21:$I21,MATCH(TRUE,$F21:$I21<>0,0)),0)} -> 1 | U21: =+IFERROR(G21/F21-1,0) -> 0 | V21: =+IFERROR(H21/G21-1,0) -> 0 | W21: =+IFERROR(I21/H21-1,0) -> 0 | Y21: {=+IFERROR(INDEX('Quikirr Data'!$BD$4:$BD$103, MATCH(1,('Quikirr Data'!$B$4:$B$103=$D21)*('Quikirr Data'!$NB$4:$NB$103=$C21),0), 1),"N/A")} -> 45838
C22: =+C21+1 -> 9 | D22: =+IFERROR(INDEX('Quikirr Data'!$B$4:$B$103,MATCH($C22,'Quikirr Data'!$NB$4:$NB$103,0),1),"") -> 68 | F22: =+IFERROR(INDEX('Quikirr Data'!$C$4:$AM$103,MATCH($C22,'Quikirr Data'!$NB$4:$NB$103,0),MATCH(F$12,'Quikirr Data'!$C$3:$AM$3,0)),0)*ToC!$E$15/ToC!$E$10 -> 0 | G22: =+IFERROR(INDEX('Quikirr Data'!$C$4:$AM$103,MATCH($C22,'Quikirr Data'!$NB$4:$NB$103,0),MATCH(G$12,'Quikirr Data'!$C$3:$AM$3,0)),0)*ToC!$E$15/ToC!$E$10 -> 0 | H22: =+IFERROR(INDEX('Quikirr Data'!$C$4:$AM$103,MATCH($C22,'Quikirr Data'!$NB$4:$NB$103,0),MATCH(H$12,'Quikirr Data'!$C$3:$AM$3,0)),0)*ToC!$E$15/ToC!$E$10 -> 0 | I22: =+IFERROR(INDEX('Quikirr Data'!$C$4:$AM$103,MATCH($C22,'Quikirr Data'!$NB$4:$NB$103,0),MATCH(I$12,'Quikirr Data'!$C$3:$AM$3,0)),0)*ToC!$E$15/ToC!$E$10 -> 4334.64 | K22: =+IFERROR((I22/F22)^(1/YEARFRAC($F$12,$I$12))-1,0) -> 0 | L22: =+IFERROR(I22/I$27,0) -> 0.017705604 | M22: =+IFERROR(SUM(I$14:I22)/I$27,0) -> 0.16573969 | O22: =+G22-F22 -> 0 | P22: =+H22-G22 -> 0 | Q22: =+I22-H22 -> 4334.64 | R22: {=+IFERROR(INDEX($O22:$Q22,MAX(MATCH('Top Customers'!$C$3,$F$12:$I$12,0)-1,1))/INDEX($O$27:$Q$27,MAX(MATCH('Top Customers'!$C$3,$F$12:$I$12,0)-1,1)),0)} -> 0.20129733 | S22: {=+IFERROR(I22/INDEX($F22:$I22,MATCH(TRUE,$F22:$I22<>0,0)),0)} -> 1 | U22: =+IFERROR(G22/F22-1,0) -> 0 | V22: =+IFERROR(H22/G22-1,0) -> 0 | W22: =+IFERROR(I22/H22-1,0) -> 0 | Y22: {=+IFERROR(INDEX('Quikirr Data'!$BD$4:$BD$103, MATCH(1,('Quikirr Data'!$B$4:$B$103=$D22)*('Quikirr Data'!$NB$4:$NB$103=$C22),0), 1),"N/A")} -> 45838
C23: =+C22+1 -> 10 | D23: =+IFERROR(INDEX('Quikirr Data'!$B$4:$B$103,MATCH($C23,'Quikirr Data'!$NB$4:$NB$103,0),1),"") -> 91 | F23: =+IFERROR(INDEX('Quikirr Data'!$C$4:$AM$103,MATCH($C23,'Quikirr Data'!$NB$4:$NB$103,0),MATCH(F$12,'Quikirr Data'!$C$3:$AM$3,0)),0)*ToC!$E$15/ToC!$E$10 -> 4188 | G23: =+IFERROR(INDEX('Quikirr Data'!$C$4:$AM$103,MATCH($C23,'Quikirr Data'!$NB$4:$NB$103,0),MATCH(G$12,'Quikirr Data'!$C$3:$AM$3,0)),0)*ToC!$E$15/ToC!$E$10 -> 4188 | H23: =+IFERROR(INDEX('Quikirr Data'!$C$4:$AM$103,MATCH($C23,'Quikirr Data'!$NB$4:$NB$103,0),MATCH(H$12,'Quikirr Data'!$C$3:$AM$3,0)),0)*ToC!$E$15/ToC!$E$10 -> 4188 | I23: =+IFERROR(INDEX('Quikirr Data'!$C$4:$AM$103,MATCH($C23,'Quikirr Data'!$NB$4:$NB$103,0),MATCH(I$12,'Quikirr Data'!$C$3:$AM$3,0)),0)*ToC!$E$15/ToC!$E$10 -> 4334.64 | K23: =+IFERROR((I23/F23)^(1/YEARFRAC($F$12,$I$12))-1,0) -> 0.011537809 | L23: =+IFERROR(I23/I$27,0) -> 0.017705604 | M23: =+IFERROR(SUM(I$14:I23)/I$27,0) -> 0.18344529 | O23: =+G23-F23 -> 0 | P23: =+H23-G23 -> 0 | Q23: =+I23-H23 -> 146.64 | R23: {=+IFERROR(INDEX($O23:$Q23,MAX(MATCH('Top Customers'!$C$3,$F$12:$I$12,0)-1,1))/INDEX($O$27:$Q$27,MAX(MATCH('Top Customers'!$C$3,$F$12:$I$12,0)-1,1)),0)} -> 0.0068098481 | S23: {=+IFERROR(I23/INDEX($F23:$I23,MATCH(TRUE,$F23:$I23<>0,0)),0)} -> 1.0350143 | U23: =+IFERROR(G23/F23-1,0) -> 0 | V23: =+IFERROR(H23/G23-1,0) -> 0 | W23: =+IFERROR(I23/H23-1,0) -> 0.035014327 | Y23: {=+IFERROR(INDEX('Quikirr Data'!$BD$4:$BD$103, MATCH(1,('Quikirr Data'!$B$4:$B$103=$D23)*('Quikirr Data'!$NB$4:$NB$103=$C23),0), 1),"N/A")} -> 44926
D24: =+"Total Top "&COUNTA('Top Customers'!$D$14:$D$23) -> Total Top 10 | F24: =+SUM(F$14:F$23) -> 28609.8 | G24: =+SUM(G$14:G$23) -> 32774.4 | H24: =+SUM(H$14:H$23) -> 35015.16 | I24: =+SUM(I$14:I$23) -> 44910.6 | K24: =+IFERROR((I24/F24)^(1/YEARFRAC($F$12,$I$12))-1,0) -> 0.16219235 | L24: =+IFERROR(I24/I$27,0) -> 0.18344529 | M24: =+M23 -> 0.18344529 | O24: =+G24-F24 -> 4164.6 | P24: =+H24-G24 -> 2240.76 | Q24: =+I24-H24 -> 9895.44 | R24: {=+IFERROR(INDEX($O24:$Q24,MAX(MATCH('Top Customers'!$C$3,$F$12:$I$12,0)-1,1))/INDEX($O$27:$Q$27,MAX(MATCH('Top Customers'!$C$3,$F$12:$I$12,0)-1,1)),0)} -> 0.45953657 | S24: {=+IFERROR(I24/INDEX($F24:$I24,MATCH(TRUE,$F24:$I24<>0,0)),0)} -> 1.5697628 | U24: =+IFERROR(G24/F24-1,0) -> 0.14556551 | V24: =+IFERROR(H24/G24-1,0) -> 0.068369215 | W24: =+IFERROR(I24/H24-1,0) -> 0.28260445
D26: =+"Other ("&COUNTIFS('Quikirr Data'!$NB$4:$NB$103,">10")&" Customers)" -> Other (75 Customers) | F26: =+F27-F24 -> 187413 | G26: =+G27-G24 -> 181939.2 | H26: =+H27-H24 -> 188268.72 | I26: =+I27-I24 -> 199906.8 | K26: =+IFERROR((I26/F26)^(1/YEARFRAC($F$12,$I$12))-1,0) -> 0.021745228 | L26: =+IFERROR(I26/I$27,0) -> 0.81655471 | M26: =+M27-M24 -> 0.81655471 | O26: =+G26-F26 -> -5473.8 | P26: =+H26-G26 -> 6329.52 | Q26: =+I26-H26 -> 11638.08 | R26: {=+IFERROR(INDEX($O26:$Q26,MAX(MATCH('Top Customers'!$C$3,$F$12:$I$12,0)-1,1))/INDEX($O$27:$Q$27,MAX(MATCH('Top Customers'!$C$3,$F$12:$I$12,0)-1,1)),0)} -> 0.54046343 | S26: {=+IFERROR(I26/INDEX($F26:$I26,MATCH(TRUE,$F26:$I26<>0,0)),0)} -> 1.0666645 | U26: =+IFERROR(G26/F26-1,0) -> -0.029207152 | V26: =+IFERROR(H26/G26-1,0) -> 0.034789204 | W26: =+IFERROR(I26/H26-1,0) -> 0.061816323
D27: Total Customers | F27: =+SUM('Quikirr Data'!C$4:C$103)*ToC!$E$15/ToC!$E$10 -> 216022.8 | G27: =+SUM('Quikirr Data'!O$4:O$103)*ToC!$E$15/ToC!$E$10 -> 214713.6 | H27: =+SUM('Quikirr Data'!AA$4:AA$103)*ToC!$E$15/ToC!$E$10 -> 223283.88 | I27: =+SUM('Quikirr Data'!AM$4:AM$103)*ToC!$E$15/ToC!$E$10 -> 244817.4 | K27: =+IFERROR((I27/F27)^(1/YEARFRAC($F$12,$I$12))-1,0) -> 0.042591621 | L27: =+IFERROR(I27/I$27,0) -> 1 | M27: =1 -> 1 | O27: =+G27-F27 -> -1309.2 | P27: =+H27-G27 -> 8570.28 | Q27: =+I27-H27 -> 21533.52 | R27: {=+IFERROR(INDEX($O$27:$Q$27,MAX(MATCH('Top Customers'!$C$3,$F$12:$I$12,0)-1,1))/INDEX($O$27:$Q$27,MAX(MATCH('Top Customers'!$C$3,$F$12:$I$12,0)-1,1)),0)} -> 1 | S27: {=+IFERROR(I27/INDEX($F27:$I27,MATCH(TRUE,$F27:$I27<>0,0)),0)} -> 1.1332943 | U27: =+IFERROR(G27/F27-1,0) -> -0.0060604714 | V27: =+IFERROR(H27/G27-1,0) -> 0.039914938 | W27: =+IFERROR(I27/H27-1,0) -> 0.096440101
D29: Total Top 5 | F29: =+SUM(F$14:F$18) -> 20233.8 | G29: =+SUM(G$14:G$18) -> 20196 | H29: =+SUM(H$14:H$18) -> 22297.68 | I29: =+SUM(I$14:I$18) -> 23230.56 | K29: =+IFERROR((I29/F29)^(1/YEARFRAC($F$12,$I$12))-1,0) -> 0.047114263 | L29: =+IFERROR(I29/I$27,0) -> 0.094889334 | M29: =+L29 -> 0.094889334 | O29: =+G29-F29 -> -37.8 | P29: =+H29-G29 -> 2101.68 | Q29: =+I29-H29 -> 932.88 | R29: {=+IFERROR(INDEX($O29:$Q29,MAX(MATCH('Top Customers'!$C$3,$F$12:$I$12,0)-1,1))/INDEX($O$27:$Q$27,MAX(MATCH('Top Customers'!$C$3,$F$12:$I$12,0)-1,1)),0)} -> 0.043322225 | S29: {=+IFERROR(I29/INDEX($F29:$I29,MATCH(TRUE,$F29:$I29<>0,0)),0)} -> 1.1481066 | U29: =+IFERROR(G29/F29-1,0) -> -0.0018681612 | V29: =+IFERROR(H29/G29-1,0) -> 0.10406417 | W29: =+IFERROR(I29/H29-1,0) -> 0.041837536
D30: Total Top 10 | F30: =+SUM(F$14:F$23) -> 28609.8 | G30: =+SUM(G$14:G$23) -> 32774.4 | H30: =+SUM(H$14:H$23) -> 35015.16 | I30: =+SUM(I$14:I$23) -> 44910.6 | K30: =+IFERROR((I30/F30)^(1/YEARFRAC($F$12,$I$12))-1,0) -> 0.16219235 | L30: =+IFERROR(I30/I$27,0) -> 0.18344529 | M30: =+L30 -> 0.18344529 | O30: =+G30-F30 -> 4164.6 | P30: =+H30-G30 -> 2240.76 | Q30: =+I30-H30 -> 9895.44 | R30: {=+IFERROR(INDEX($O30:$Q30,MAX(MATCH('Top Customers'!$C$3,$F$12:$I$12,0)-1,1))/INDEX($O$27:$Q$27,MAX(MATCH('Top Customers'!$C$3,$F$12:$I$12,0)-1,1)),0)} -> 0.45953657 | S30: {=+IFERROR(I30/INDEX($F30:$I30,MATCH(TRUE,$F30:$I30<>0,0)),0)} -> 1.5697628 | U30: =+IFERROR(G30/F30-1,0) -> 0.14556551 | V30: =+IFERROR(H30/G30-1,0) -> 0.068369215 | W30: =+IFERROR(I30/H30-1,0) -> 0.28260445
C33: ="Top New Customers as of " & TEXT('Top Customers'!C3, "mmm-yy") -> Top New Customers as of Dec-25
C34: ="("&ToC!$E$12&" "&ToC!$E$11&")" -> ($ Actuals)
F35: ARR | O35: $ Growth | U35: % Growth
C36: Rank | D36: Customer | F36: 44926 | G36: 45291 | H36: 45657 | I36: 46022 | K36: =TEXT($F$36,"mmm 'yy")&" - "&TEXT($I$36,"mmm 'yy")&" CAGR" -> Dec '22 - Dec '25 CAGR | L36: ="% of New "&$Q$36 -> % of New Dec '24 - Dec '25 | M36: % Total Cum. | O36: =TEXT($F$36,"mmm 'yy")&" - "&TEXT($G$36,"mmm 'yy") -> Dec '22 - Dec '23 | P36: =TEXT($G$36,"mmm 'yy")&" - "&TEXT($H$36,"mmm 'yy") -> Dec '23 - Dec '24 | Q36: =TEXT($H$36,"mmm 'yy")&" - "&TEXT($I$36,"mmm 'yy") -> Dec '24 - Dec '25 | R36: ="% of "&$Q$36&" Growth" -> % of Dec '24 - Dec '25 Growth | S36: Mult. of Initial | U36: =TEXT($F$36,"mmm 'yy")&" - "&TEXT($G$36,"mmm 'yy") -> Dec '22 - Dec '23 | V36: =TEXT($G$36,"mmm 'yy")&" - "&TEXT($H$36,"mmm 'yy") -> Dec '23 - Dec '24 | W36: =TEXT($H$36,"mmm 'yy")&" - "&TEXT($I$36,"mmm 'yy") -> Dec '24 - Dec '25 | Y36: Customer Since
C38: 1 | D38: =+IFERROR(INDEX('Quikirr Data'!$B$4:$B$103,MATCH($C38,'Quikirr Data'!$NC$4:$NC$103,0),1),"") -> 62 | F38: =+IFERROR(INDEX('Quikirr Data'!$C$4:$AM$103,MATCH($C38,'Quikirr Data'!$NC$4:$NC$103,0),MATCH(F$36,'Quikirr Data'!$C$3:$AM$3,0)),0)*ToC!$E$15/ToC!$E$10 -> 0 | G38: =+IFERROR(INDEX('Quikirr Data'!$C$4:$AM$103,MATCH($C38,'Quikirr Data'!$NC$4:$NC$103,0),MATCH(G$36,'Quikirr Data'!$C$3:$AM$3,0)),0)*ToC!$E$15/ToC!$E$10 -> 0 | H38: =+IFERROR(INDEX('Quikirr Data'!$C$4:$AM$103,MATCH($C38,'Quikirr Data'!$NC$4:$NC$103,0),MATCH(H$36,'Quikirr Data'!$C$3:$AM$3,0)),0)*ToC!$E$15/ToC!$E$10 -> 0 | I38: =+IFERROR(INDEX('Quikirr Data'!$C$4:$AM$103,MATCH($C38,'Quikirr Data'!$NC$4:$NC$103,0),MATCH(I$36,'Quikirr Data'!$C$3:$AM$3,0)),0)*ToC!$E$15/ToC!$E$10 -> 4334.64 | K38: =+IFERROR((I38/F38)^(1/YEARFRAC($F$36,$I$36))-1,0) -> 0 | L38: =+IFERROR(Q38/Q$51,0) -> 0.18339392 | M38: =+IFERROR(SUM(Q$38:Q38)/Q$51,0) -> 0.18339392 | O38: =+G38-F38 -> 0 | P38: =+H38-G38 -> 0 | Q38: =+I38-H38 -> 4334.64 | R38: {=+IFERROR(INDEX($O38:$Q38,MAX(MATCH('Top Customers'!$C$3,$F$36:$I$36,0)-1,1))/INDEX($O$51:$Q$51,MAX(MATCH('Top Customers'!$C$3,$F$36:$I$36,0)-1,1)),0)} -> 0.18339392 | S38: {=+IFERROR(I38/INDEX($F38:$I38,MATCH(TRUE,$F38:$I38<>0,0)),0)} -> 1 | U38: =+IFERROR(G38/F38-1,0) -> 0 | V38: =+IFERROR(H38/G38-1,0) -> 0 | W38: =+IFERROR(I38/H38-1,0) -> 0 | Y38: {=+IFERROR(INDEX('Quikirr Data'!$BD$4:$BD$103, MATCH(1,('Quikirr Data'!$B$4:$B$103=$D38)*('Quikirr Data'!$NC$4:$NC$103=$C38),0), 1),"N/A")} -> 45838
C39: =+C38+1 -> 2 | D39: =+IFERROR(INDEX('Quikirr Data'!$B$4:$B$103,MATCH($C39,'Quikirr Data'!$NC$4:$NC$103,0),1),"") -> 68 | F39: =+IFERROR(INDEX('Quikirr Data'!$C$4:$AM$103,MATCH($C39,'Quikirr Data'!$NC$4:$NC$103,0),MATCH(F$36,'Quikirr Data'!$C$3:$AM$3,0)),0)*ToC!$E$15/ToC!$E$10 -> 0 | G39: =+IFERROR(INDEX('Quikirr Data'!$C$4:$AM$103,MATCH($C39,'Quikirr Data'!$NC$4:$NC$103,0),MATCH(G$36,'Quikirr Data'!$C$3:$AM$3,0)),0)*ToC!$E$15/ToC!$E$10 -> 0 | H39: =+IFERROR(INDEX('Quikirr Data'!$C$4:$AM$103,MATCH($C39,'Quikirr Data'!$NC$4:$NC$103,0),MATCH(H$36,'Quikirr Data'!$C$3:$AM$3,0)),0)*ToC!$E$15/ToC!$E$10 -> 0 | I39: =+IFERROR(INDEX('Quikirr Data'!$C$4:$AM$103,MATCH($C39,'Quikirr Data'!$NC$4:$NC$103,0),MATCH(I$36,'Quikirr Data'!$C$3:$AM$3,0)),0)*ToC!$E$15/ToC!$E$10 -> 4334.64 | K39: =+IFERROR((I39/F39)^(1/YEARFRAC($F$36,$I$36))-1,0) -> 0 | L39: =+IFERROR(Q39/Q$51,0) -> 0.18339392 | M39: =+IFERROR(SUM(Q$38:Q39)/Q$51,0) -> 0.36678784 | O39: =+G39-F39 -> 0 | P39: =+H39-G39 -> 0 | Q39: =+I39-H39 -> 4334.64 | R39: {=+IFERROR(INDEX($O39:$Q39,MAX(MATCH('Top Customers'!$C$3,$F$36:$I$36,0)-1,1))/INDEX($O$51:$Q$51,MAX(MATCH('Top Customers'!$C$3,$F$36:$I$36,0)-1,1)),0)} -> 0.18339392 | S39: {=+IFERROR(I39/INDEX($F39:$I39,MATCH(TRUE,$F39:$I39<>0,0)),0)} -> 1 | U39: =+IFERROR(G39/F39-1,0) -> 0 | V39: =+IFERROR(H39/G39-1,0) -> 0 | W39: =+IFERROR(I39/H39-1,0) -> 0 | Y39: {=+IFERROR(INDEX('Quikirr Data'!$BD$4:$BD$103, MATCH(1,('Quikirr Data'!$B$4:$B$103=$D39)*('Quikirr Data'!$NC$4:$NC$103=$C39),0), 1),"N/A")} -> 45838
C40: =+C39+1 -> 3 | D40: =+IFERROR(INDEX('Quikirr Data'!$B$4:$B$103,MATCH($C40,'Quikirr Data'!$NC$4:$NC$103,0),1),"") -> 63 | F40: =+IFERROR(INDEX('Quikirr Data'!$C$4:$AM$103,MATCH($C40,'Quikirr Data'!$NC$4:$NC$103,0),MATCH(F$36,'Quikirr Data'!$C$3:$AM$3,0)),0)*ToC!$E$15/ToC!$E$10 -> 0 | G40: =+IFERROR(INDEX('Quikirr Data'!$C$4:$AM$103,MATCH($C40,'Quikirr Data'!$NC$4:$NC$103,0),MATCH(G$36,'Quikirr Data'!$C$3:$AM$3,0)),0)*ToC!$E$15/ToC!$E$10 -> 0 | H40: =+IFERROR(INDEX('Quikirr Data'!$C$4:$AM$103,MATCH($C40,'Quikirr Data'!$NC$4:$NC$103,0),MATCH(H$36,'Quikirr Data'!$C$3:$AM$3,0)),0)*ToC!$E$15/ToC!$E$10 -> 0 | I40: =+IFERROR(INDEX('Quikirr Data'!$C$4:$AM$103,MATCH($C40,'Quikirr Data'!$NC$4:$NC$103,0),MATCH(I$36,'Quikirr Data'!$C$3:$AM$3,0)),0)*ToC!$E$15/ToC!$E$10 -> 3713.64 | K40: =+IFERROR((I40/F40)^(1/YEARFRAC($F$36,$I$36))-1,0) -> 0 | L40: =+IFERROR(Q40/Q$51,0) -> 0.15712008 | M40: =+IFERROR(SUM(Q$38:Q40)/Q$51,0) -> 0.52390792 | O40: =+G40-F40 -> 0 | P40: =+H40-G40 -> 0 | Q40: =+I40-H40 -> 3713.64 | R40: {=+IFERROR(INDEX($O40:$Q40,MAX(MATCH('Top Customers'!$C$3,$F$36:$I$36,0)-1,1))/INDEX($O$51:$Q$51,MAX(MATCH('Top Customers'!$C$3,$F$36:$I$36,0)-1,1)),0)} -> 0.15712008 | S40: {=+IFERROR(I40/INDEX($F40:$I40,MATCH(TRUE,$F40:$I40<>0,0)),0)} -> 1 | U40: =+IFERROR(G40/F40-1,0) -> 0 | V40: =+IFERROR(H40/G40-1,0) -> 0 | W40: =+IFERROR(I40/H40-1,0) -> 0 | Y40: {=+IFERROR(INDEX('Quikirr Data'!$BD$4:$BD$103, MATCH(1,('Quikirr Data'!$B$4:$B$103=$D40)*('Quikirr Data'!$NC$4:$NC$103=$C40),0), 1),"N/A")} -> 45838
C41: =+C40+1 -> 4 | D41: =+IFERROR(INDEX('Quikirr Data'!$B$4:$B$103,MATCH($C41,'Quikirr Data'!$NC$4:$NC$103,0),1),"") -> 64 | F41: =+IFERROR(INDEX('Quikirr Data'!$C$4:$AM$103,MATCH($C41,'Quikirr Data'!$NC$4:$NC$103,0),MATCH(F$36,'Quikirr Data'!$C$3:$AM$3,0)),0)*ToC!$E$15/ToC!$E$10 -> 0 | G41: =+IFERROR(INDEX('Quikirr Data'!$C$4:$AM$103,MATCH($C41,'Quikirr Data'!$NC$4:$NC$103,0),MATCH(G$36,'Quikirr Data'!$C$3:$AM$3,0)),0)*ToC!$E$15/ToC!$E$10 -> 0 | H41: =+IFERROR(INDEX('Quikirr Data'!$C$4:$AM$103,MATCH($C41,'Quikirr Data'!$NC$4:$NC$103,0),MATCH(H$36,'Quikirr Data'!$C$3:$AM$3,0)),0)*ToC!$E$15/ToC!$E$10 -> 0 | I41: =+IFERROR(INDEX('Quikirr Data'!$C$4:$AM$103,MATCH($C41,'Quikirr Data'!$NC$4:$NC$103,0),MATCH(I$36,'Quikirr Data'!$C$3:$AM$3,0)),0)*ToC!$E$15/ToC!$E$10 -> 3713.64 | K41: =+IFERROR((I41/F41)^(1/YEARFRAC($F$36,$I$36))-1,0) -> 0 | L41: =+IFERROR(Q41/Q$51,0) -> 0.15712008 | M41: =+IFERROR(SUM(Q$38:Q41)/Q$51,0) -> 0.68102801 | O41: =+G41-F41 -> 0 | P41: =+H41-G41 -> 0 | Q41: =+I41-H41 -> 3713.64 | R41: {=+IFERROR(INDEX($O41:$Q41,MAX(MATCH('Top Customers'!$C$3,$F$36:$I$36,0)-1,1))/INDEX($O$51:$Q$51,MAX(MATCH('Top Customers'!$C$3,$F$36:$I$36,0)-1,1)),0)} -> 0.15712008 | S41: {=+IFERROR(I41/INDEX($F41:$I41,MATCH(TRUE,$F41:$I41<>0,0)),0)} -> 1 | U41: =+IFERROR(G41/F41-1,0) -> 0 | V41: =+IFERROR(H41/G41-1,0) -> 0 | W41: =+IFERROR(I41/H41-1,0) -> 0 | Y41: {=+IFERROR(INDEX('Quikirr Data'!$BD$4:$BD$103, MATCH(1,('Quikirr Data'!$B$4:$B$103=$D41)*('Quikirr Data'!$NC$4:$NC$103=$C41),0), 1),"N/A")} -> 45838
C42: =+C41+1 -> 5 | D42: =+IFERROR(INDEX('Quikirr Data'!$B$4:$B$103,MATCH($C42,'Quikirr Data'!$NC$4:$NC$103,0),1),"") -> 67 | F42: =+IFERROR(INDEX('Quikirr Data'!$C$4:$AM$103,MATCH($C42,'Quikirr Data'!$NC$4:$NC$103,0),MATCH(F$36,'Quikirr Data'!$C$3:$AM$3,0)),0)*ToC!$E$15/ToC!$E$10 -> 0 | G42: =+IFERROR(INDEX('Quikirr Data'!$C$4:$AM$103,MATCH($C42,'Quikirr Data'!$NC$4:$NC$103,0),MATCH(G$36,'Quikirr Data'!$C$3:$AM$3,0)),0)*ToC!$E$15/ToC!$E$10 -> 0 | H42: =+IFERROR(INDEX('Quikirr Data'!$C$4:$AM$103,MATCH($C42,'Quikirr Data'!$NC$4:$NC$103,0),MATCH(H$36,'Quikirr Data'!$C$3:$AM$3,0)),0)*ToC!$E$15/ToC!$E$10 -> 0 | I42: =+IFERROR(INDEX('Quikirr Data'!$C$4:$AM$103,MATCH($C42,'Quikirr Data'!$NC$4:$NC$103,0),MATCH(I$36,'Quikirr Data'!$C$3:$AM$3,0)),0)*ToC!$E$15/ToC!$E$10 -> 3092.64 | K42: =+IFERROR((I42/F42)^(1/YEARFRAC($F$36,$I$36))-1,0) -> 0 | L42: =+IFERROR(Q42/Q$51,0) -> 0.13084625 | M42: =+IFERROR(SUM(Q$38:Q42)/Q$51,0) -> 0.81187425 | O42: =+G42-F42 -> 0 | P42: =+H42-G42 -> 0 | Q42: =+I42-H42 -> 3092.64 | R42: {=+IFERROR(INDEX($O42:$Q42,MAX(MATCH('Top Customers'!$C$3,$F$36:$I$36,0)-1,1))/INDEX($O$51:$Q$51,MAX(MATCH('Top Customers'!$C$3,$F$36:$I$36,0)-1,1)),0)} -> 0.13084625 | S42: {=+IFERROR(I42/INDEX($F42:$I42,MATCH(TRUE,$F42:$I42<>0,0)),0)} -> 1 | U42: =+IFERROR(G42/F42-1,0) -> 0 | V42: =+IFERROR(H42/G42-1,0) -> 0 | W42: =+IFERROR(I42/H42-1,0) -> 0 | Y42: {=+IFERROR(INDEX('Quikirr Data'!$BD$4:$BD$103, MATCH(1,('Quikirr Data'!$B$4:$B$103=$D42)*('Quikirr Data'!$NC$4:$NC$103=$C42),0), 1),"N/A")} -> 45838
C43: =+C42+1 -> 6 | D43: =+IFERROR(INDEX('Quikirr Data'!$B$4:$B$103,MATCH($C43,'Quikirr Data'!$NC$4:$NC$103,0),1),"") -> 65 | F43: =+IFERROR(INDEX('Quikirr Data'!$C$4:$AM$103,MATCH($C43,'Quikirr Data'!$NC$4:$NC$103,0),MATCH(F$36,'Quikirr Data'!$C$3:$AM$3,0)),0)*ToC!$E$15/ToC!$E$10 -> 0 | G43: =+IFERROR(INDEX('Quikirr Data'!$C$4:$AM$103,MATCH($C43,'Quikirr Data'!$NC$4:$NC$103,0),MATCH(G$36,'Quikirr Data'!$C$3:$AM$3,0)),0)*ToC!$E$15/ToC!$E$10 -> 0 | H43: =+IFERROR(INDEX('Quikirr Data'!$C$4:$AM$103,MATCH($C43,'Quikirr Data'!$NC$4:$NC$103,0),MATCH(H$36,'Quikirr Data'!$C$3:$AM$3,0)),0)*ToC!$E$15/ToC!$E$10 -> 0 | I43: =+IFERROR(INDEX('Quikirr Data'!$C$4:$AM$103,MATCH($C43,'Quikirr Data'!$NC$4:$NC$103,0),MATCH(I$36,'Quikirr Data'!$C$3:$AM$3,0)),0)*ToC!$E$15/ToC!$E$10 -> 2223.24 | K43: =+IFERROR((I43/F43)^(1/YEARFRAC($F$36,$I$36))-1,0) -> 0 | L43: =+IFERROR(Q43/Q$51,0) -> 0.094062874 | M43: =+IFERROR(SUM(Q$38:Q43)/Q$51,0) -> 0.90593713 | O43: =+G43-F43 -> 0 | P43: =+H43-G43 -> 0 | Q43: =+I43-H43 -> 2223.24 | R43: {=+IFERROR(INDEX($O43:$Q43,MAX(MATCH('Top Customers'!$C$3,$F$36:$I$36,0)-1,1))/INDEX($O$51:$Q$51,MAX(MATCH('Top Customers'!$C$3,$F$36:$I$36,0)-1,1)),0)} -> 0.094062874 | S43: {=+IFERROR(I43/INDEX($F43:$I43,MATCH(TRUE,$F43:$I43<>0,0)),0)} -> 1 | U43: =+IFERROR(G43/F43-1,0) -> 0 | V43: =+IFERROR(H43/G43-1,0) -> 0 | W43: =+IFERROR(I43/H43-1,0) -> 0 | Y43: {=+IFERROR(INDEX('Quikirr Data'!$BD$4:$BD$103, MATCH(1,('Quikirr Data'!$B$4:$B$103=$D43)*('Quikirr Data'!$NC$4:$NC$103=$C43),0), 1),"N/A")} -> 45838
C44: =+C43+1 -> 7 | D44: =+IFERROR(INDEX('Quikirr Data'!$B$4:$B$103,MATCH($C44,'Quikirr Data'!$NC$4:$NC$103,0),1),"") -> 70 | F44: =+IFERROR(INDEX('Quikirr Data'!$C$4:$AM$103,MATCH($C44,'Quikirr Data'!$NC$4:$NC$103,0),MATCH(F$36,'Quikirr Data'!$C$3:$AM$3,0)),0)*ToC!$E$15/ToC!$E$10 -> 0 | G44: =+IFERROR(INDEX('Quikirr Data'!$C$4:$AM$103,MATCH($C44,'Quikirr Data'!$NC$4:$NC$103,0),MATCH(G$36,'Quikirr Data'!$C$3:$AM$3,0)),0)*ToC!$E$15/ToC!$E$10 -> 0 | H44: =+IFERROR(INDEX('Quikirr Data'!$C$4:$AM$103,MATCH($C44,'Quikirr Data'!$NC$4:$NC$103,0),MATCH(H$36,'Quikirr Data'!$C$3:$AM$3,0)),0)*ToC!$E$15/ToC!$E$10 -> 0 | I44: =+IFERROR(INDEX('Quikirr Data'!$C$4:$AM$103,MATCH($C44,'Quikirr Data'!$NC$4:$NC$103,0),MATCH(I$36,'Quikirr Data'!$C$3:$AM$3,0)),0)*ToC!$E$15/ToC!$E$10 -> 2223.24 | K44: =+IFERROR((I44/F44)^(1/YEARFRAC($F$36,$I$36))-1,0) -> 0 | L44: =+IFERROR(Q44/Q$51,0) -> 0.094062874 | M44: =+IFERROR(SUM(Q$38:Q44)/Q$51,0) -> 1 | O44: =+G44-F44 -> 0 | P44: =+H44-G44 -> 0 | Q44: =+I44-H44 -> 2223.24 | R44: {=+IFERROR(INDEX($O44:$Q44,MAX(MATCH('Top Customers'!$C$3,$F$36:$I$36,0)-1,1))/INDEX($O$51:$Q$51,MAX(MATCH('Top Customers'!$C$3,$F$36:$I$36,0)-1,1)),0)} -> 0.094062874 | S44: {=+IFERROR(I44/INDEX($F44:$I44,MATCH(TRUE,$F44:$I44<>0,0)),0)} -> 1 | U44: =+IFERROR(G44/F44-1,0) -> 0 | V44: =+IFERROR(H44/G44-1,0) -> 0 | W44: =+IFERROR(I44/H44-1,0) -> 0 | Y44: {=+IFERROR(INDEX('Quikirr Data'!$BD$4:$BD$103, MATCH(1,('Quikirr Data'!$B$4:$B$103=$D44)*('Quikirr Data'!$NC$4:$NC$103=$C44),0), 1),"N/A")} -> 45838
C45: =+C44+1 -> 8 | D45: =+IFERROR(INDEX('Quikirr Data'!$B$4:$B$103,MATCH($C45,'Quikirr Data'!$NC$4:$NC$103,0),1),"") | F45: =+IFERROR(INDEX('Quikirr Data'!$C$4:$AM$103,MATCH($C45,'Quikirr Data'!$NC$4:$NC$103,0),MATCH(F$36,'Quikirr Data'!$C$3:$AM$3,0)),0)*ToC!$E$15/ToC!$E$10 -> 0 | G45: =+IFERROR(INDEX('Quikirr Data'!$C$4:$AM$103,MATCH($C45,'Quikirr Data'!$NC$4:$NC$103,0),MATCH(G$36,'Quikirr Data'!$C$3:$AM$3,0)),0)*ToC!$E$15/ToC!$E$10 -> 0 | H45: =+IFERROR(INDEX('Quikirr Data'!$C$4:$AM$103,MATCH($C45,'Quikirr Data'!$NC$4:$NC$103,0),MATCH(H$36,'Quikirr Data'!$C$3:$AM$3,0)),0)*ToC!$E$15/ToC!$E$10 -> 0 | I45: =+IFERROR(INDEX('Quikirr Data'!$C$4:$AM$103,MATCH($C45,'Quikirr Data'!$NC$4:$NC$103,0),MATCH(I$36,'Quikirr Data'!$C$3:$AM$3,0)),0)*ToC!$E$15/ToC!$E$10 -> 0 | K45: =+IFERROR((I45/F45)^(1/YEARFRAC($F$36,$I$36))-1,0) -> 0 | L45: =+IFERROR(Q45/Q$51,0) -> 0 | M45: =+IFERROR(SUM(Q$38:Q45)/Q$51,0) -> 1 | O45: =+G45-F45 -> 0 | P45: =+H45-G45 -> 0 | Q45: =+I45-H45 -> 0 | R45: {=+IFERROR(INDEX($O45:$Q45,MAX(MATCH('Top Customers'!$C$3,$F$36:$I$36,0)-1,1))/INDEX($O$51:$Q$51,MAX(MATCH('Top Customers'!$C$3,$F$36:$I$36,0)-1,1)),0)} -> 0 | S45: {=+IFERROR(I45/INDEX($F45:$I45,MATCH(TRUE,$F45:$I45<>0,0)),0)} -> 0 | U45: =+IFERROR(G45/F45-1,0) -> 0 | V45: =+IFERROR(H45/G45-1,0) -> 0 | W45: =+IFERROR(I45/H45-1,0) -> 0 | Y45: {=+IFERROR(INDEX('Quikirr Data'!$BD$4:$BD$103, MATCH(1,('Quikirr Data'!$B$4:$B$103=$D45)*('Quikirr Data'!$NC$4:$NC$103=$C45),0), 1),"N/A")} -> N/A
C46: =+C45+1 -> 9 | D46: =+IFERROR(INDEX('Quikirr Data'!$B$4:$B$103,MATCH($C46,'Quikirr Data'!$NC$4:$NC$103,0),1),"") | F46: =+IFERROR(INDEX('Quikirr Data'!$C$4:$AM$103,MATCH($C46,'Quikirr Data'!$NC$4:$NC$103,0),MATCH(F$36,'Quikirr Data'!$C$3:$AM$3,0)),0)*ToC!$E$15/ToC!$E$10 -> 0 | G46: =+IFERROR(INDEX('Quikirr Data'!$C$4:$AM$103,MATCH($C46,'Quikirr Data'!$NC$4:$NC$103,0),MATCH(G$36,'Quikirr Data'!$C$3:$AM$3,0)),0)*ToC!$E$15/ToC!$E$10 -> 0 | H46: =+IFERROR(INDEX('Quikirr Data'!$C$4:$AM$103,MATCH($C46,'Quikirr Data'!$NC$4:$NC$103,0),MATCH(H$36,'Quikirr Data'!$C$3:$AM$3,0)),0)*ToC!$E$15/ToC!$E$10 -> 0 | I46: =+IFERROR(INDEX('Quikirr Data'!$C$4:$AM$103,MATCH($C46,'Quikirr Data'!$NC$4:$NC$103,0),MATCH(I$36,'Quikirr Data'!$C$3:$AM$3,0)),0)*ToC!$E$15/ToC!$E$10 -> 0 | K46: =+IFERROR((I46/F46)^(1/YEARFRAC($F$36,$I$36))-1,0) -> 0 | L46: =+IFERROR(Q46/Q$51,0) -> 0 | M46: =+IFERROR(SUM(Q$38:Q46)/Q$51,0) -> 1 | O46: =+G46-F46 -> 0 | P46: =+H46-G46 -> 0 | Q46: =+I46-H46 -> 0 | R46: {=+IFERROR(INDEX($O46:$Q46,MAX(MATCH('Top Customers'!$C$3,$F$36:$I$36,0)-1,1))/INDEX($O$51:$Q$51,MAX(MATCH('Top Customers'!$C$3,$F$36:$I$36,0)-1,1)),0)} -> 0 | S46: {=+IFERROR(I46/INDEX($F46:$I46,MATCH(TRUE,$F46:$I46<>0,0)),0)} -> 0 | U46: =+IFERROR(G46/F46-1,0) -> 0 | V46: =+IFERROR(H46/G46-1,0) -> 0 | W46: =+IFERROR(I46/H46-1,0) -> 0 | Y46: {=+IFERROR(INDEX('Quikirr Data'!$BD$4:$BD$103, MATCH(1,('Quikirr Data'!$B$4:$B$103=$D46)*('Quikirr Data'!$NC$4:$NC$103=$C46),0), 1),"N/A")} -> N/A
C47: =+C46+1 -> 10 | D47: =+IFERROR(INDEX('Quikirr Data'!$B$4:$B$103,MATCH($C47,'Quikirr Data'!$NC$4:$NC$103,0),1),"") | F47: =+IFERROR(INDEX('Quikirr Data'!$C$4:$AM$103,MATCH($C47,'Quikirr Data'!$NC$4:$NC$103,0),MATCH(F$36,'Quikirr Data'!$C$3:$AM$3,0)),0)*ToC!$E$15/ToC!$E$10 -> 0 | G47: =+IFERROR(INDEX('Quikirr Data'!$C$4:$AM$103,MATCH($C47,'Quikirr Data'!$NC$4:$NC$103,0),MATCH(G$36,'Quikirr Data'!$C$3:$AM$3,0)),0)*ToC!$E$15/ToC!$E$10 -> 0 | H47: =+IFERROR(INDEX('Quikirr Data'!$C$4:$AM$103,MATCH($C47,'Quikirr Data'!$NC$4:$NC$103,0),MATCH(H$36,'Quikirr Data'!$C$3:$AM$3,0)),0)*ToC!$E$15/ToC!$E$10 -> 0 | I47: =+IFERROR(INDEX('Quikirr Data'!$C$4:$AM$103,MATCH($C47,'Quikirr Data'!$NC$4:$NC$103,0),MATCH(I$36,'Quikirr Data'!$C$3:$AM$3,0)),0)*ToC!$E$15/ToC!$E$10 -> 0 | K47: =+IFERROR((I47/F47)^(1/YEARFRAC($F$36,$I$36))-1,0) -> 0 | L47: =+IFERROR(Q47/Q$51,0) -> 0 | M47: =+IFERROR(SUM(Q$38:Q47)/Q$51,0) -> 1 | O47: =+G47-F47 -> 0 | P47: =+H47-G47 -> 0 | Q47: =+I47-H47 -> 0 | R47: {=+IFERROR(INDEX($O47:$Q47,MAX(MATCH('Top Customers'!$C$3,$F$36:$I$36,0)-1,1))/INDEX($O$51:$Q$51,MAX(MATCH('Top Customers'!$C$3,$F$36:$I$36,0)-1,1)),0)} -> 0 | S47: {=+IFERROR(I47/INDEX($F47:$I47,MATCH(TRUE,$F47:$I47<>0,0)),0)} -> 0 | U47: =+IFERROR(G47/F47-1,0) -> 0 | V47: =+IFERROR(H47/G47-1,0) -> 0 | W47: =+IFERROR(I47/H47-1,0) -> 0 | Y47: {=+IFERROR(INDEX('Quikirr Data'!$BD$4:$BD$103, MATCH(1,('Quikirr Data'!$B$4:$B$103=$D47)*('Quikirr Data'!$NC$4:$NC$103=$C47),0), 1),"N/A")} -> N/A
D48: =+"Total Top "&COUNTA('Top Customers'!$D$38:$D$47) -> Total Top 10 | F48: =+SUM(F$38:F$47) -> 0 | G48: =+SUM(G$38:G$47) -> 0 | H48: =+SUM(H$38:H$47) -> 0 | I48: =+SUM(I$38:I$47) -> 23635.68 | K48: =+IFERROR((I48/F48)^(1/YEARFRAC($F$36,$I$36))-1,0) -> 0 | L48: =+IFERROR(Q48/Q$51,0) -> 1 | M48: =+M47 -> 1 | O48: =+G48-F48 -> 0 | P48: =+H48-G48 -> 0 | Q48: =+I48-H48 -> 23635.68 | R48: {=+IFERROR(INDEX($O48:$Q48,MAX(MATCH('Top Customers'!$C$3,$F$36:$I$36,0)-1,1))/INDEX($O$51:$Q$51,MAX(MATCH('Top Customers'!$C$3,$F$36:$I$36,0)-1,1)),0)} -> 1 | S48: {=+IFERROR(I48/INDEX($F48:$I48,MATCH(TRUE,$F48:$I48<>0,0)),0)} -> 1 | U48: =+IFERROR(G48/F48-1,0) -> 0 | V48: =+IFERROR(H48/G48-1,0) -> 0 | W48: =+IFERROR(I48/H48-1,0) -> 0
D50: =+"Other New ("&COUNTIFS('Quikirr Data'!$NC$4:$NC$103,">10")&" Customers)" -> Other New (0 Customers) | F50: =+F51-F48 -> 0 | G50: =+G51-G48 -> 0 | H50: =+H51-H48 -> 0 | I50: =+I51-I48 -> 0 | K50: =+IFERROR((I50/F50)^(1/YEARFRAC($F$36,$I$36))-1,0) -> 0 | L50: =+IFERROR(Q50/Q$51,0) -> 0 | M50: =+M51-M48 -> 0 | O50: =+G50-F50 -> 0 | P50: =+H50-G50 -> 0 | Q50: =+I50-H50 -> 0 | R50: {=+IFERROR(INDEX($O50:$Q50,MAX(MATCH('Top Customers'!$C$3,$F$36:$I$36,0)-1,1))/INDEX($O$51:$Q$51,MAX(MATCH('Top Customers'!$C$3,$F$36:$I$36,0)-1,1)),0)} -> 0 | S50: {=+IFERROR(I50/INDEX($F50:$I50,MATCH(TRUE,$F50:$I50<>0,0)),0)} -> 0 | U50: =+IFERROR(G50/F50-1,0) -> 0 | V50: =+IFERROR(H50/G50-1,0) -> 0 | W50: =+IFERROR(I50/H50-1,0) -> 0
D51: Total New Customers | F51: =+SUMIFS('Quikirr Data'!C$4:C$103,'Quikirr Data'!$NC$4:$NC$103,"<>N/A")*ToC!$E$15/ToC!$E$10 -> 0 | G51: =+SUMIFS('Quikirr Data'!O$4:O$103,'Quikirr Data'!$NC$4:$NC$103,"<>N/A")*ToC!$E$15/ToC!$E$10 -> 0 | H51: =+SUMIFS('Quikirr Data'!AA$4:AA$103,'Quikirr Data'!$NC$4:$NC$103,"<>N/A")*ToC!$E$15/ToC!$E$10 -> 0 | I51: =+SUMIFS('Quikirr Data'!AM$4:AM$103,'Quikirr Data'!$NC$4:$NC$103,"<>N/A")*ToC!$E$15/ToC!$E$10 -> 23635.68 | K51: =+IFERROR((I51/F51)^(1/YEARFRAC($F$36,$I$36))-1,0) -> 0 | L51: =+IFERROR(Q51/Q$51,0) -> 1 | M51: =1 -> 1 | O51: =+G51-F51 -> 0 | P51: =+H51-G51 -> 0 | Q51: =+I51-H51 -> 23635.68 | R51: {=+IFERROR(INDEX($O$51:$Q$51,MAX(MATCH('Top Customers'!$C$3,$F$36:$I$36,0)-1,1))/INDEX($O$51:$Q$51,MAX(MATCH('Top Customers'!$C$3,$F$36:$I$36,0)-1,1)),0)} -> 1 | S51: {=+IFERROR(I51/INDEX($F51:$I51,MATCH(TRUE,$F51:$I51<>0,0)),0)} -> 1 | U51: =+IFERROR(G51/F51-1,0) -> 0 | V51: =+IFERROR(H51/G51-1,0) -> 0 | W51: =+IFERROR(I51/H51-1,0) -> 0
D53: Total Top 5 | F53: =+SUM(F$38:F$42) -> 0 | G53: =+SUM(G$38:G$42) -> 0 | H53: =+SUM(H$38:H$42) -> 0 | I53: =+SUM(I$38:I$42) -> 19189.2 | K53: =+IFERROR((I53/F53)^(1/YEARFRAC($F$36,$I$36))-1,0) -> 0 | L53: =+IFERROR(Q53/Q$51,0) -> 0.81187425 | M53: =+L53 -> 0.81187425 | O53: =+G53-F53 -> 0 | P53: =+H53-G53 -> 0 | Q53: =+I53-H53 -> 19189.2 | R53: {=+IFERROR(INDEX($O53:$Q53,MAX(MATCH('Top Customers'!$C$3,$F$36:$I$36,0)-1,1))/INDEX($O$51:$Q$51,MAX(MATCH('Top Customers'!$C$3,$F$36:$I$36,0)-1,1)),0)} -> 0.81187425 | S53: {=+IFERROR(I53/INDEX($F53:$I53,MATCH(TRUE,$F53:$I53<>0,0)),0)} -> 1 | U53: =+IFERROR(G53/F53-1,0) -> 0 | V53: =+IFERROR(H53/G53-1,0) -> 0 | W53: =+IFERROR(I53/H53-1,0) -> 0
D54: Total Top 10 | F54: =+SUM(F$38:F$47) -> 0 | G54: =+SUM(G$38:G$47) -> 0 | H54: =+SUM(H$38:H$47) -> 0 | I54: =+SUM(I$38:I$47) -> 23635.68 | K54: =+IFERROR((I54/F54)^(1/YEARFRAC($F$36,$I$36))-1,0) -> 0 | L54: =+IFERROR(Q54/Q$51,0) -> 1 | M54: =+L54 -> 1 | O54: =+G54-F54 -> 0 | P54: =+H54-G54 -> 0 | Q54: =+I54-H54 -> 23635.68 | R54: {=+IFERROR(INDEX($O54:$Q54,MAX(MATCH('Top Customers'!$C$3,$F$36:$I$36,0)-1,1))/INDEX($O$51:$Q$51,MAX(MATCH('Top Customers'!$C$3,$F$36:$I$36,0)-1,1)),0)} -> 1 | S54: {=+IFERROR(I54/INDEX($F54:$I54,MATCH(TRUE,$F54:$I54<>0,0)),0)} -> 1 | U54: =+IFERROR(G54/F54-1,0) -> 0 | V54: =+IFERROR(H54/G54-1,0) -> 0 | W54: =+IFERROR(I54/H54-1,0) -> 0
C57: ="Top Upsell Customers as of " & TEXT('Top Customers'!C3, "mmm-yy") -> Top Upsell Customers as of Dec-25
C58: ="("&ToC!$E$12&" "&ToC!$E$11&")" -> ($ Actuals)
F59: ARR | O59: $ Growth | U59: % Growth
C60: Rank | D60: Customer | F60: 44926 | G60: 45291 | H60: 45657 | I60: 46022 | K60: =TEXT($F$60,"mmm 'yy")&" - "&TEXT($I$60,"mmm 'yy")&" CAGR" -> Dec '22 - Dec '25 CAGR | L60: ="% of Upsell "&$Q$60 -> % of Upsell Dec '24 - Dec '25 | M60: % Total Cum. | O60: =TEXT($F$60,"mmm 'yy")&" - "&TEXT($G$60,"mmm 'yy") -> Dec '22 - Dec '23 | P60: =TEXT($G$60,"mmm 'yy")&" - "&TEXT($H$60,"mmm 'yy") -> Dec '23 - Dec '24 | Q60: =TEXT($H$60,"mmm 'yy")&" - "&TEXT($I$60,"mmm 'yy") -> Dec '24 - Dec '25 | R60: ="% of "&$Q$60&" Growth" -> % of Dec '24 - Dec '25 Growth | S60: Mult. of Initial | U60: =TEXT($F$60,"mmm 'yy")&" - "&TEXT($G$60,"mmm 'yy") -> Dec '22 - Dec '23 | V60: =TEXT($G$60,"mmm 'yy")&" - "&TEXT($H$60,"mmm 'yy") -> Dec '23 - Dec '24 | W60: =TEXT($H$60,"mmm 'yy")&" - "&TEXT($I$60,"mmm 'yy") -> Dec '24 - Dec '25 | Y60: Customer Since
C62: 1 | D62: =+IFERROR(INDEX('Quikirr Data'!$B$4:$B$103,MATCH($C62,'Quikirr Data'!$ND$4:$ND$103,0),1),"") -> 2 | F62: =+IFERROR(INDEX('Quikirr Data'!$C$4:$AM$103,MATCH($C62,'Quikirr Data'!$ND$4:$ND$103,0),MATCH(F$60,'Quikirr Data'!$C$3:$AM$3,0)),0)*ToC!$E$15/ToC!$E$10 -> 4345.8 | G62: =+IFERROR(INDEX('Quikirr Data'!$C$4:$AM$103,MATCH($C62,'Quikirr Data'!$ND$4:$ND$103,0),MATCH(G$60,'Quikirr Data'!$C$3:$AM$3,0)),0)*ToC!$E$15/ToC!$E$10 -> 4308 | H62: =+IFERROR(INDEX('Quikirr Data'!$C$4:$AM$103,MATCH($C62,'Quikirr Data'!$ND$4:$ND$103,0),MATCH(H$60,'Quikirr Data'!$C$3:$AM$3,0)),0)*ToC!$E$15/ToC!$E$10 -> 4308 | I62: =+IFERROR(INDEX('Quikirr Data'!$C$4:$AM$103,MATCH($C62,'Quikirr Data'!$ND$4:$ND$103,0),MATCH(I$60,'Quikirr Data'!$C$3:$AM$3,0)),0)*ToC!$E$15/ToC!$E$10 -> 4788 | K62: =+IFERROR((I62/F62)^(1/YEARFRAC($F$60,$I$60))-1,0) -> 0.032828314 | L62: =+IFERROR(Q62/Q$75,0) -> 0.081134257 | M62: =+IFERROR(SUM(Q$62:Q62)/Q$75,0) -> 0.081134257 | O62: =+G62-F62 -> -37.8 | P62: =+H62-G62 -> 0 | Q62: =+I62-H62 -> 480 | R62: {=+IFERROR(INDEX($O62:$Q62,MAX(MATCH('Top Customers'!$C$3,$F$60:$I$60,0)-1,1))/INDEX($O$75:$Q$75,MAX(MATCH('Top Customers'!$C$3,$F$60:$I$60,0)-1,1)),0)} -> 0.081134257 | S62: {=+IFERROR(I62/INDEX($F62:$I62,MATCH(TRUE,$F62:$I62<>0,0)),0)} -> 1.1017534 | U62: =+IFERROR(G62/F62-1,0) -> -0.0086980533 | V62: =+IFERROR(H62/G62-1,0) -> 0 | W62: =+IFERROR(I62/H62-1,0) -> 0.11142061 | Y62: {=+IFERROR(INDEX('Quikirr Data'!$BD$4:$BD$103, MATCH(1,('Quikirr Data'!$B$4:$B$103=$D62)*('Quikirr Data'!$ND$4:$ND$103=$C62),0), 1),"N/A")} -> 44926
C63: =+C62+1 -> 2 | D63: =+IFERROR(INDEX('Quikirr Data'!$B$4:$B$103,MATCH($C63,'Quikirr Data'!$ND$4:$ND$103,0),1),"") -> 35 | F63: =+IFERROR(INDEX('Quikirr Data'!$C$4:$AM$103,MATCH($C63,'Quikirr Data'!$ND$4:$ND$103,0),MATCH(F$60,'Quikirr Data'!$C$3:$AM$3,0)),0)*ToC!$E$15/ToC!$E$10 -> 3228 | G63: =+IFERROR(INDEX('Quikirr Data'!$C$4:$AM$103,MATCH($C63,'Quikirr Data'!$ND$4:$ND$103,0),MATCH(G$60,'Quikirr Data'!$C$3:$AM$3,0)),0)*ToC!$E$15/ToC!$E$10 -> 3229.2 | H63: =+IFERROR(INDEX('Quikirr Data'!$C$4:$AM$103,MATCH($C63,'Quikirr Data'!$ND$4:$ND$103,0),MATCH(H$60,'Quikirr Data'!$C$3:$AM$3,0)),0)*ToC!$E$15/ToC!$E$10 -> 3156.6 | I63: =+IFERROR(INDEX('Quikirr Data'!$C$4:$AM$103,MATCH($C63,'Quikirr Data'!$ND$4:$ND$103,0),MATCH(I$60,'Quikirr Data'!$C$3:$AM$3,0)),0)*ToC!$E$15/ToC!$E$10 -> 3445.2 | K63: =+IFERROR((I63/F63)^(1/YEARFRAC($F$60,$I$60))-1,0) -> 0.0219437 | L63: =+IFERROR(Q63/Q$75,0) -> 0.048781972 | M63: =+IFERROR(SUM(Q$62:Q63)/Q$75,0) -> 0.12991623 | O63: =+G63-F63 -> 1.2 | P63: =+H63-G63 -> -72.6 | Q63: =+I63-H63 -> 288.6 | R63: {=+IFERROR(INDEX($O63:$Q63,MAX(MATCH('Top Customers'!$C$3,$F$60:$I$60,0)-1,1))/INDEX($O$75:$Q$75,MAX(MATCH('Top Customers'!$C$3,$F$60:$I$60,0)-1,1)),0)} -> 0.048781972 | S63: {=+IFERROR(I63/INDEX($F63:$I63,MATCH(TRUE,$F63:$I63<>0,0)),0)} -> 1.0672862 | U63: =+IFERROR(G63/F63-1,0) -> 0.00037174721 | V63: =+IFERROR(H63/G63-1,0) -> -0.022482349 | W63: =+IFERROR(I63/H63-1,0) -> 0.091427485 | Y63: {=+IFERROR(INDEX('Quikirr Data'!$BD$4:$BD$103, MATCH(1,('Quikirr Data'!$B$4:$B$103=$D63)*('Quikirr Data'!$ND$4:$ND$103=$C63),0), 1),"N/A")} -> 44926
C64: =+C63+1 -> 3 | D64: =+IFERROR(INDEX('Quikirr Data'!$B$4:$B$103,MATCH($C64,'Quikirr Data'!$ND$4:$ND$103,0),1),"") -> 60 | F64: =+IFERROR(INDEX('Quikirr Data'!$C$4:$AM$103,MATCH($C64,'Quikirr Data'!$ND$4:$ND$103,0),MATCH(F$60,'Quikirr Data'!$C$3:$AM$3,0)),0)*ToC!$E$15/ToC!$E$10 -> 2148 | G64: =+IFERROR(INDEX('Quikirr Data'!$C$4:$AM$103,MATCH($C64,'Quikirr Data'!$ND$4:$ND$103,0),MATCH(G$60,'Quikirr Data'!$C$3:$AM$3,0)),0)*ToC!$E$15/ToC!$E$10 -> 2148 | H64: =+IFERROR(INDEX('Quikirr Data'!$C$4:$AM$103,MATCH($C64,'Quikirr Data'!$ND$4:$ND$103,0),MATCH(H$60,'Quikirr Data'!$C$3:$AM$3,0)),0)*ToC!$E$15/ToC!$E$10 -> 2148 | I64: =+IFERROR(INDEX('Quikirr Data'!$C$4:$AM$103,MATCH($C64,'Quikirr Data'!$ND$4:$ND$103,0),MATCH(I$60,'Quikirr Data'!$C$3:$AM$3,0)),0)*ToC!$E$15/ToC!$E$10 -> 2388 | K64: =+IFERROR((I64/F64)^(1/YEARFRAC($F$60,$I$60))-1,0) -> 0.035937009 | L64: =+IFERROR(Q64/Q$75,0) -> 0.040567128 | M64: =+IFERROR(SUM(Q$62:Q64)/Q$75,0) -> 0.17048336 | O64: =+G64-F64 -> 0 | P64: =+H64-G64 -> 0 | Q64: =+I64-H64 -> 240 | R64: {=+IFERROR(INDEX($O64:$Q64,MAX(MATCH('Top Customers'!$C$3,$F$60:$I$60,0)-1,1))/INDEX($O$75:$Q$75,MAX(MATCH('Top Customers'!$C$3,$F$60:$I$60,0)-1,1)),0)} -> 0.040567128 | S64: {=+IFERROR(I64/INDEX($F64:$I64,MATCH(TRUE,$F64:$I64<>0,0)),0)} -> 1.1117318 | U64: =+IFERROR(G64/F64-1,0) -> 0 | V64: =+IFERROR(H64/G64-1,0) -> 0 | W64: =+IFERROR(I64/H64-1,0) -> 0.11173184 | Y64: {=+IFERROR(INDEX('Quikirr Data'!$BD$4:$BD$103, MATCH(1,('Quikirr Data'!$B$4:$B$103=$D64)*('Quikirr Data'!$ND$4:$ND$103=$C64),0), 1),"N/A")} -> 44926
C65: =+C64+1 -> 4 | D65: =+IFERROR(INDEX('Quikirr Data'!$B$4:$B$103,MATCH($C65,'Quikirr Data'!$ND$4:$ND$103,0),1),"") -> 61 | F65: =+IFERROR(INDEX('Quikirr Data'!$C$4:$AM$103,MATCH($C65,'Quikirr Data'!$ND$4:$ND$103,0),MATCH(F$60,'Quikirr Data'!$C$3:$AM$3,0)),0)*ToC!$E$15/ToC!$E$10 -> 4644 | G65: =+IFERROR(INDEX('Quikirr Data'!$C$4:$AM$103,MATCH($C65,'Quikirr Data'!$ND$4:$ND$103,0),MATCH(G$60,'Quikirr Data'!$C$3:$AM$3,0)),0)*ToC!$E$15/ToC!$E$10 -> 4644 | H65: =+IFERROR(INDEX('Quikirr Data'!$C$4:$AM$103,MATCH($C65,'Quikirr Data'!$ND$4:$ND$103,0),MATCH(H$60,'Quikirr Data'!$C$3:$AM$3,0)),0)*ToC!$E$15/ToC!$E$10 -> 4644 | I65: =+IFERROR(INDEX('Quikirr Data'!$C$4:$AM$103,MATCH($C65,'Quikirr Data'!$ND$4:$ND$103,0),MATCH(I$60,'Quikirr Data'!$C$3:$AM$3,0)),0)*ToC!$E$15/ToC!$E$10 -> 4798.56 | K65: =+IFERROR((I65/F65)^(1/YEARFRAC($F$60,$I$60))-1,0) -> 0.010973037 | L65: =+IFERROR(Q65/Q$75,0) -> 0.026125231 | M65: =+IFERROR(SUM(Q$62:Q65)/Q$75,0) -> 0.19660859 | O65: =+G65-F65 -> 0 | P65: =+H65-G65 -> 0 | Q65: =+I65-H65 -> 154.56 | R65: {=+IFERROR(INDEX($O65:$Q65,MAX(MATCH('Top Customers'!$C$3,$F$60:$I$60,0)-1,1))/INDEX($O$75:$Q$75,MAX(MATCH('Top Customers'!$C$3,$F$60:$I$60,0)-1,1)),0)} -> 0.026125231 | S65: {=+IFERROR(I65/INDEX($F65:$I65,MATCH(TRUE,$F65:$I65<>0,0)),0)} -> 1.0332817 | U65: =+IFERROR(G65/F65-1,0) -> 0 | V65: =+IFERROR(H65/G65-1,0) -> 0 | W65: =+IFERROR(I65/H65-1,0) -> 0.033281654 | Y65: {=+IFERROR(INDEX('Quikirr Data'!$BD$4:$BD$103, MATCH(1,('Quikirr Data'!$B$4:$B$103=$D65)*('Quikirr Data'!$ND$4:$ND$103=$C65),0), 1),"N/A")} -> 44926
C66: =+C65+1 -> 5 | D66: =+IFERROR(INDEX('Quikirr Data'!$B$4:$B$103,MATCH($C66,'Quikirr Data'!$ND$4:$ND$103,0),1),"") -> 90 | F66: =+IFERROR(INDEX('Quikirr Data'!$C$4:$AM$103,MATCH($C66,'Quikirr Data'!$ND$4:$ND$103,0),MATCH(F$60,'Quikirr Data'!$C$3:$AM$3,0)),0)*ToC!$E$15/ToC!$E$10 -> 2040.6 | G66: =+IFERROR(INDEX('Quikirr Data'!$C$4:$AM$103,MATCH($C66,'Quikirr Data'!$ND$4:$ND$103,0),MATCH(G$60,'Quikirr Data'!$C$3:$AM$3,0)),0)*ToC!$E$15/ToC!$E$10 -> 2148 | H66: =+IFERROR(INDEX('Quikirr Data'!$C$4:$AM$103,MATCH($C66,'Quikirr Data'!$ND$4:$ND$103,0),MATCH(H$60,'Quikirr Data'!$C$3:$AM$3,0)),0)*ToC!$E$15/ToC!$E$10 -> 2148 | I66: =+IFERROR(INDEX('Quikirr Data'!$C$4:$AM$103,MATCH($C66,'Quikirr Data'!$ND$4:$ND$103,0),MATCH(I$60,'Quikirr Data'!$C$3:$AM$3,0)),0)*ToC!$E$15/ToC!$E$10 -> 2301 | K66: =+IFERROR((I66/F66)^(1/YEARFRAC($F$60,$I$60))-1,0) -> 0.040845444 | L66: =+IFERROR(Q66/Q$75,0) -> 0.025861544 | M66: =+IFERROR(SUM(Q$62:Q66)/Q$75,0) -> 0.22247013 | O66: =+G66-F66 -> 107.4 | P66: =+H66-G66 -> 0 | Q66: =+I66-H66 -> 153 | R66: {=+IFERROR(INDEX($O66:$Q66,MAX(MATCH('Top Customers'!$C$3,$F$60:$I$60,0)-1,1))/INDEX($O$75:$Q$75,MAX(MATCH('Top Customers'!$C$3,$F$60:$I$60,0)-1,1)),0)} -> 0.025861544 | S66: {=+IFERROR(I66/INDEX($F66:$I66,MATCH(TRUE,$F66:$I66<>0,0)),0)} -> 1.1276095 | U66: =+IFERROR(G66/F66-1,0) -> 0.052631579 | V66: =+IFERROR(H66/G66-1,0) -> 0 | W66: =+IFERROR(I66/H66-1,0) -> 0.07122905 | Y66: {=+IFERROR(INDEX('Quikirr Data'!$BD$4:$BD$103, MATCH(1,('Quikirr Data'!$B$4:$B$103=$D66)*('Quikirr Data'!$ND$4:$ND$103=$C66),0), 1),"N/A")} -> 44926
C67: =+C66+1 -> 6 | D67: =+IFERROR(INDEX('Quikirr Data'!$B$4:$B$103,MATCH($C67,'Quikirr Data'!$ND$4:$ND$103,0),1),"") -> 94 | F67: =+IFERROR(INDEX('Quikirr Data'!$C$4:$AM$103,MATCH($C67,'Quikirr Data'!$ND$4:$ND$103,0),MATCH(F$60,'Quikirr Data'!$C$3:$AM$3,0)),0)*ToC!$E$15/ToC!$E$10 -> 4188 | G67: =+IFERROR(INDEX('Quikirr Data'!$C$4:$AM$103,MATCH($C67,'Quikirr Data'!$ND$4:$ND$103,0),MATCH(G$60,'Quikirr Data'!$C$3:$AM$3,0)),0)*ToC!$E$15/ToC!$E$10 -> 4188 | H67: =+IFERROR(INDEX('Quikirr Data'!$C$4:$AM$103,MATCH($C67,'Quikirr Data'!$ND$4:$ND$103,0),MATCH(H$60,'Quikirr Data'!$C$3:$AM$3,0)),0)*ToC!$E$15/ToC!$E$10 -> 4334.64 | I67: =+IFERROR(INDEX('Quikirr Data'!$C$4:$AM$103,MATCH($C67,'Quikirr Data'!$ND$4:$ND$103,0),MATCH(I$60,'Quikirr Data'!$C$3:$AM$3,0)),0)*ToC!$E$15/ToC!$E$10 -> 4486.32 | K67: =+IFERROR((I67/F67)^(1/YEARFRAC($F$60,$I$60))-1,0) -> 0.023201555 | L67: =+IFERROR(Q67/Q$75,0) -> 0.025638425 | M67: =+IFERROR(SUM(Q$62:Q67)/Q$75,0) -> 0.24810856 | O67: =+G67-F67 -> 0 | P67: =+H67-G67 -> 146.64 | Q67: =+I67-H67 -> 151.68 | R67: {=+IFERROR(INDEX($O67:$Q67,MAX(MATCH('Top Customers'!$C$3,$F$60:$I$60,0)-1,1))/INDEX($O$75:$Q$75,MAX(MATCH('Top Customers'!$C$3,$F$60:$I$60,0)-1,1)),0)} -> 0.025638425 | S67: {=+IFERROR(I67/INDEX($F67:$I67,MATCH(TRUE,$F67:$I67<>0,0)),0)} -> 1.0712321 | U67: =+IFERROR(G67/F67-1,0) -> 0 | V67: =+IFERROR(H67/G67-1,0) -> 0.035014327 | W67: =+IFERROR(I67/H67-1,0) -> 0.034992525 | Y67: {=+IFERROR(INDEX('Quikirr Data'!$BD$4:$BD$103, MATCH(1,('Quikirr Data'!$B$4:$B$103=$D67)*('Quikirr Data'!$ND$4:$ND$103=$C67),0), 1),"N/A")} -> 44926
C68: =+C67+1 -> 7 | D68: =+IFERROR(INDEX('Quikirr Data'!$B$4:$B$103,MATCH($C68,'Quikirr Data'!$ND$4:$ND$103,0),1),"") -> 51 | F68: =+IFERROR(INDEX('Quikirr Data'!$C$4:$AM$103,MATCH($C68,'Quikirr Data'!$ND$4:$ND$103,0),MATCH(F$60,'Quikirr Data'!$C$3:$AM$3,0)),0)*ToC!$E$15/ToC!$E$10 -> 4188 | G68: =+IFERROR(INDEX('Quikirr Data'!$C$4:$AM$103,MATCH($C68,'Quikirr Data'!$ND$4:$ND$103,0),MATCH(G$60,'Quikirr Data'!$C$3:$AM$3,0)),0)*ToC!$E$15/ToC!$E$10 -> 4188 | H68: =+IFERROR(INDEX('Quikirr Data'!$C$4:$AM$103,MATCH($C68,'Quikirr Data'!$ND$4:$ND$103,0),MATCH(H$60,'Quikirr Data'!$C$3:$AM$3,0)),0)*ToC!$E$15/ToC!$E$10 -> 4188 | I68: =+IFERROR(INDEX('Quikirr Data'!$C$4:$AM$103,MATCH($C68,'Quikirr Data'!$ND$4:$ND$103,0),MATCH(I$60,'Quikirr Data'!$C$3:$AM$3,0)),0)*ToC!$E$15/ToC!$E$10 -> 4334.64 | K68: =+IFERROR((I68/F68)^(1/YEARFRAC($F$60,$I$60))-1,0) -> 0.011537809 | L68: =+IFERROR(Q68/Q$75,0) -> 0.024786515 | M68: =+IFERROR(SUM(Q$62:Q68)/Q$75,0) -> 0.27289507 | O68: =+G68-F68 -> 0 | P68: =+H68-G68 -> 0 | Q68: =+I68-H68 -> 146.64 | R68: {=+IFERROR(INDEX($O68:$Q68,MAX(MATCH('Top Customers'!$C$3,$F$60:$I$60,0)-1,1))/INDEX($O$75:$Q$75,MAX(MATCH('Top Customers'!$C$3,$F$60:$I$60,0)-1,1)),0)} -> 0.024786515 | S68: {=+IFERROR(I68/INDEX($F68:$I68,MATCH(TRUE,$F68:$I68<>0,0)),0)} -> 1.0350143 | U68: =+IFERROR(G68/F68-1,0) -> 0 | V68: =+IFERROR(H68/G68-1,0) -> 0 | W68: =+IFERROR(I68/H68-1,0) -> 0.035014327 | Y68: {=+IFERROR(INDEX('Quikirr Data'!$BD$4:$BD$103, MATCH(1,('Quikirr Data'!$B$4:$B$103=$D68)*('Quikirr Data'!$ND$4:$ND$103=$C68),0), 1),"N/A")} -> 44926
C69: =+C68+1 -> 8 | D69: =+IFERROR(INDEX('Quikirr Data'!$B$4:$B$103,MATCH($C69,'Quikirr Data'!$ND$4:$ND$103,0),1),"") -> 53 | F69: =+IFERROR(INDEX('Quikirr Data'!$C$4:$AM$103,MATCH($C69,'Quikirr Data'!$ND$4:$ND$103,0),MATCH(F$60,'Quikirr Data'!$C$3:$AM$3,0)),0)*ToC!$E$15/ToC!$E$10 -> 2628 | G69: =+IFERROR(INDEX('Quikirr Data'!$C$4:$AM$103,MATCH($C69,'Quikirr Data'!$ND$4:$ND$103,0),MATCH(G$60,'Quikirr Data'!$C$3:$AM$3,0)),0)*ToC!$E$15/ToC!$E$10 -> 2628 | H69: =+IFERROR(INDEX('Quikirr Data'!$C$4:$AM$103,MATCH($C69,'Quikirr Data'!$ND$4:$ND$103,0),MATCH(H$60,'Quikirr Data'!$C$3:$AM$3,0)),0)*ToC!$E$15/ToC!$E$10 -> 4428 | I69: =+IFERROR(INDEX('Quikirr Data'!$C$4:$AM$103,MATCH($C69,'Quikirr Data'!$ND$4:$ND$103,0),MATCH(I$60,'Quikirr Data'!$C$3:$AM$3,0)),0)*ToC!$E$15/ToC!$E$10 -> 4574.64 | K69: =+IFERROR((I69/F69)^(1/YEARFRAC($F$60,$I$60))-1,0) -> 0.20293969 | L69: =+IFERROR(Q69/Q$75,0) -> 0.024786515 | M69: =+IFERROR(SUM(Q$62:Q69)/Q$75,0) -> 0.29768159 | O69: =+G69-F69 -> 0 | P69: =+H69-G69 -> 1800 | Q69: =+I69-H69 -> 146.64 | R69: {=+IFERROR(INDEX($O69:$Q69,MAX(MATCH('Top Customers'!$C$3,$F$60:$I$60,0)-1,1))/INDEX($O$75:$Q$75,MAX(MATCH('Top Customers'!$C$3,$F$60:$I$60,0)-1,1)),0)} -> 0.024786515 | S69: {=+IFERROR(I69/INDEX($F69:$I69,MATCH(TRUE,$F69:$I69<>0,0)),0)} -> 1.7407306 | U69: =+IFERROR(G69/F69-1,0) -> 0 | V69: =+IFERROR(H69/G69-1,0) -> 0.68493151 | W69: =+IFERROR(I69/H69-1,0) -> 0.033116531 | Y69: {=+IFERROR(INDEX('Quikirr Data'!$BD$4:$BD$103, MATCH(1,('Quikirr Data'!$B$4:$B$103=$D69)*('Quikirr Data'!$ND$4:$ND$103=$C69),0), 1),"N/A")} -> 44926
C70: =+C69+1 -> 9 | D70: =+IFERROR(INDEX('Quikirr Data'!$B$4:$B$103,MATCH($C70,'Quikirr Data'!$ND$4:$ND$103,0),1),"") -> 91 | F70: =+IFERROR(INDEX('Quikirr Data'!$C$4:$AM$103,MATCH($C70,'Quikirr Data'!$ND$4:$ND$103,0),MATCH(F$60,'Quikirr Data'!$C$3:$AM$3,0)),0)*ToC!$E$15/ToC!$E$10 -> 4188 | G70: =+IFERROR(INDEX('Quikirr Data'!$C$4:$AM$103,MATCH($C70,'Quikirr Data'!$ND$4:$ND$103,0),MATCH(G$60,'Quikirr Data'!$C$3:$AM$3,0)),0)*ToC!$E$15/ToC!$E$10 -> 4188 | H70: =+IFERROR(INDEX('Quikirr Data'!$C$4:$AM$103,MATCH($C70,'Quikirr Data'!$ND$4:$ND$103,0),MATCH(H$60,'Quikirr Data'!$C$3:$AM$3,0)),0)*ToC!$E$15/ToC!$E$10 -> 4188 | I70: =+IFERROR(INDEX('Quikirr Data'!$C$4:$AM$103,MATCH($C70,'Quikirr Data'!$ND$4:$ND$103,0),MATCH(I$60,'Quikirr Data'!$C$3:$AM$3,0)),0)*ToC!$E$15/ToC!$E$10 -> 4334.64 | K70: =+IFERROR((I70/F70)^(1/YEARFRAC($F$60,$I$60))-1,0) -> 0.011537809 | L70: =+IFERROR(Q70/Q$75,0) -> 0.024786515 | M70: =+IFERROR(SUM(Q$62:Q70)/Q$75,0) -> 0.3224681 | O70: =+G70-F70 -> 0 | P70: =+H70-G70 -> 0 | Q70: =+I70-H70 -> 146.64 | R70: {=+IFERROR(INDEX($O70:$Q70,MAX(MATCH('Top Customers'!$C$3,$F$60:$I$60,0)-1,1))/INDEX($O$75:$Q$75,MAX(MATCH('Top Customers'!$C$3,$F$60:$I$60,0)-1,1)),0)} -> 0.024786515 | S70: {=+IFERROR(I70/INDEX($F70:$I70,MATCH(TRUE,$F70:$I70<>0,0)),0)} -> 1.0350143 | U70: =+IFERROR(G70/F70-1,0) -> 0 | V70: =+IFERROR(H70/G70-1,0) -> 0 | W70: =+IFERROR(I70/H70-1,0) -> 0.035014327 | Y70: {=+IFERROR(INDEX('Quikirr Data'!$BD$4:$BD$103, MATCH(1,('Quikirr Data'!$B$4:$B$103=$D70)*('Quikirr Data'!$ND$4:$ND$103=$C70),0), 1),"N/A")} -> 44926
C71: =+C70+1 -> 10 | D71: =+IFERROR(INDEX('Quikirr Data'!$B$4:$B$103,MATCH($C71,'Quikirr Data'!$ND$4:$ND$103,0),1),"") -> 24 | F71: =+IFERROR(INDEX('Quikirr Data'!$C$4:$AM$103,MATCH($C71,'Quikirr Data'!$ND$4:$ND$103,0),MATCH(F$60,'Quikirr Data'!$C$3:$AM$3,0)),0)*ToC!$E$15/ToC!$E$10 -> 3948 | G71: =+IFERROR(INDEX('Quikirr Data'!$C$4:$AM$103,MATCH($C71,'Quikirr Data'!$ND$4:$ND$103,0),MATCH(G$60,'Quikirr Data'!$C$3:$AM$3,0)),0)*ToC!$E$15/ToC!$E$10 -> 3948 | H71: =+IFERROR(INDEX('Quikirr Data'!$C$4:$AM$103,MATCH($C71,'Quikirr Data'!$ND$4:$ND$103,0),MATCH(H$60,'Quikirr Data'!$C$3:$AM$3,0)),0)*ToC!$E$15/ToC!$E$10 -> 4086.24 | I71: =+IFERROR(INDEX('Quikirr Data'!$C$4:$AM$103,MATCH($C71,'Quikirr Data'!$ND$4:$ND$103,0),MATCH(I$60,'Quikirr Data'!$C$3:$AM$3,0)),0)*ToC!$E$15/ToC!$E$10 -> 4229.28 | K71: =+IFERROR((I71/F71)^(1/YEARFRAC($F$60,$I$60))-1,0) -> 0.023206047 | L71: =+IFERROR(Q71/Q$75,0) -> 0.024178009 | M71: =+IFERROR(SUM(Q$62:Q71)/Q$75,0) -> 0.34664611 | O71: =+G71-F71 -> 0 | P71: =+H71-G71 -> 138.24 | Q71: =+I71-H71 -> 143.04 | R71: {=+IFERROR(INDEX($O71:$Q71,MAX(MATCH('Top Customers'!$C$3,$F$60:$I$60,0)-1,1))/INDEX($O$75:$Q$75,MAX(MATCH('Top Customers'!$C$3,$F$60:$I$60,0)-1,1)),0)} -> 0.024178009 | S71: {=+IFERROR(I71/INDEX($F71:$I71,MATCH(TRUE,$F71:$I71<>0,0)),0)} -> 1.0712462 | U71: =+IFERROR(G71/F71-1,0) -> 0 | V71: =+IFERROR(H71/G71-1,0) -> 0.035015198 | W71: =+IFERROR(I71/H71-1,0) -> 0.035005286 | Y71: {=+IFERROR(INDEX('Quikirr Data'!$BD$4:$BD$103, MATCH(1,('Quikirr Data'!$B$4:$B$103=$D71)*('Quikirr Data'!$ND$4:$ND$103=$C71),0), 1),"N/A")} -> 44926
D72: =+"Total Top "&COUNTA('Top Customers'!$D$62:$D$71) -> Total Top 10 | F72: =+SUM(F$62:F$71) -> 35546.4 | G72: =+SUM(G$62:G$71) -> 35617.2 | H72: =+SUM(H$62:H$71) -> 37629.48 | I72: =+SUM(I$62:I$71) -> 39680.28 | K72: =+IFERROR((I72/F72)^(1/YEARFRAC($F$60,$I$60))-1,0) -> 0.037352524 | L72: =+IFERROR(Q72/Q$75,0) -> 0.34664611 | M72: =+M71 -> 0.34664611 | O72: =+G72-F72 -> 70.8 | P72: =+H72-G72 -> 2012.28 | Q72: =+I72-H72 -> 2050.8 | R72: {=+IFERROR(INDEX($O72:$Q72,MAX(MATCH('Top Customers'!$C$3,$F$60:$I$60,0)-1,1))/INDEX($O$75:$Q$75,MAX(MATCH('Top Customers'!$C$3,$F$60:$I$60,0)-1,1)),0)} -> 0.34664611 | S72: {=+IFERROR(I72/INDEX($F72:$I72,MATCH(TRUE,$F72:$I72<>0,0)),0)} -> 1.1162953 | U72: =+IFERROR(G72/F72-1,0) -> 0.0019917629 | V72: =+IFERROR(H72/G72-1,0) -> 0.056497423 | W72: =+IFERROR(I72/H72-1,0) -> 0.054499823
D74: =+"Other Upsell ("&COUNTIFS('Quikirr Data'!$ND$4:$ND$103,">10")&" Customers)" -> Other Upsell (39 Customers) | F74: =+F75-F72 -> 99301.2 | G74: =+G75-G72 -> 100662.96 | H74: =+H75-H72 -> 112745.76 | I74: =+I75-I72 -> 116611.08 | K74: =+IFERROR((I74/F74)^(1/YEARFRAC($F$60,$I$60))-1,0) -> 0.055022626 | L74: =+IFERROR(Q74/Q$75,0) -> 0.65335389 | M74: =+M75-M72 -> 0.65335389 | O74: =+G74-F74 -> 1361.76 | P74: =+H74-G74 -> 12082.8 | Q74: =+I74-H74 -> 3865.32 | R74: {=+IFERROR(INDEX($O74:$Q74,MAX(MATCH('Top Customers'!$C$3,$F$60:$I$60,0)-1,1))/INDEX($O$75:$Q$75,MAX(MATCH('Top Customers'!$C$3,$F$60:$I$60,0)-1,1)),0)} -> 0.65335389 | S74: {=+IFERROR(I74/INDEX($F74:$I74,MATCH(TRUE,$F74:$I74<>0,0)),0)} -> 1.1743169 | U74: =+IFERROR(G74/F74-1,0) -> 0.013713429 | V74: =+IFERROR(H74/G74-1,0) -> 0.12003223 | W74: =+IFERROR(I74/H74-1,0) -> 0.034283507
D75: Total Upsell Customers | F75: =+SUMIFS('Quikirr Data'!C$4:C$103,'Quikirr Data'!$ND$4:$ND$103,"<>N/A")*ToC!$E$15/ToC!$E$10 -> 134847.6 | G75: =+SUMIFS('Quikirr Data'!O$4:O$103,'Quikirr Data'!$ND$4:$ND$103,"<>N/A")*ToC!$E$15/ToC!$E$10 -> 136280.16 | H75: =+SUMIFS('Quikirr Data'!AA$4:AA$103,'Quikirr Data'!$ND$4:$ND$103,"<>N/A")*ToC!$E$15/ToC!$E$10 -> 150375.24 | I75: =+SUMIFS('Quikirr Data'!AM$4:AM$103,'Quikirr Data'!$ND$4:$ND$103,"<>N/A")*ToC!$E$15/ToC!$E$10 -> 156291.36 | K75: =+IFERROR((I75/F75)^(1/YEARFRAC($F$60,$I$60))-1,0) -> 0.05042226 | L75: =+IFERROR(Q75/Q$75,0) -> 1 | M75: =1 -> 1 | O75: =+G75-F75 -> 1432.56 | P75: =+H75-G75 -> 14095.08 | Q75: =+I75-H75 -> 5916.12 | R75: {=+IFERROR(INDEX($O$75:$Q$75,MAX(MATCH('Top Customers'!$C$3,$F$60:$I$60,0)-1,1))/INDEX($O$75:$Q$75,MAX(MATCH('Top Customers'!$C$3,$F$60:$I$60,0)-1,1)),0)} -> 1 | S75: {=+IFERROR(I75/INDEX($F75:$I75,MATCH(TRUE,$F75:$I75<>0,0)),0)} -> 1.1590222 | U75: =+IFERROR(G75/F75-1,0) -> 0.010623548 | V75: =+IFERROR(H75/G75-1,0) -> 0.10342723 | W75: =+IFERROR(I75/H75-1,0) -> 0.039342381
D77: Total Top 5 | F77: =+SUM(F$62:F$66) -> 16406.4 | G77: =+SUM(G$62:G$66) -> 16477.2 | H77: =+SUM(H$62:H$66) -> 16404.6 | I77: =+SUM(I$62:I$66) -> 17720.76 | K77: =+IFERROR((I77/F77)^(1/YEARFRAC($F$60,$I$60))-1,0) -> 0.026021235 | L77: =+IFERROR(Q77/Q$75,0) -> 0.22247013 | M77: =+L77 -> 0.22247013 | O77: =+G77-F77 -> 70.8 | P77: =+H77-G77 -> -72.6 | Q77: =+I77-H77 -> 1316.16 | R77: {=+IFERROR(INDEX($O77:$Q77,MAX(MATCH('Top Customers'!$C$3,$F$60:$I$60,0)-1,1))/INDEX($O$75:$Q$75,MAX(MATCH('Top Customers'!$C$3,$F$60:$I$60,0)-1,1)),0)} -> 0.22247013 | S77: {=+IFERROR(I77/INDEX($F77:$I77,MATCH(TRUE,$F77:$I77<>0,0)),0)} -> 1.0801126 | U77: =+IFERROR(G77/F77-1,0) -> 0.0043153891 | V77: =+IFERROR(H77/G77-1,0) -> -0.0044060884 | W77: =+IFERROR(I77/H77-1,0) -> 0.080231155
D78: Total Top 10 | F78: =+SUM(F$62:F$71) -> 35546.4 | G78: =+SUM(G$62:G$71) -> 35617.2 | H78: =+SUM(H$62:H$71) -> 37629.48 | I78: =+SUM(I$62:I$71) -> 39680.28 | K78: =+IFERROR((I78/F78)^(1/YEARFRAC($F$60,$I$60))-1,0) -> 0.037352524 | L78: =+IFERROR(Q78/Q$75,0) -> 0.34664611 | M78: =+L78 -> 0.34664611 | O78: =+G78-F78 -> 70.8 | P78: =+H78-G78 -> 2012.28 | Q78: =+I78-H78 -> 2050.8 | R78: {=+IFERROR(INDEX($O78:$Q78,MAX(MATCH('Top Customers'!$C$3,$F$60:$I$60,0)-1,1))/INDEX($O$75:$Q$75,MAX(MATCH('Top Customers'!$C$3,$F$60:$I$60,0)-1,1)),0)} -> 0.34664611 | S78: {=+IFERROR(I78/INDEX($F78:$I78,MATCH(TRUE,$F78:$I78<>0,0)),0)} -> 1.1162953 | U78: =+IFERROR(G78/F78-1,0) -> 0.0019917629 | V78: =+IFERROR(H78/G78-1,0) -> 0.056497423 | W78: =+IFERROR(I78/H78-1,0) -> 0.054499823
C81: ="Top Downsell Customers as of " & TEXT('Top Customers'!C3, "mmm-yy") -> Top Downsell Customers as of Dec-25
C82: ="("&ToC!$E$12&" "&ToC!$E$11&")" -> ($ Actuals)
F83: ARR | O83: $ Growth | U83: % Growth
C84: Rank | D84: Customer | F84: 44926 | G84: 45291 | H84: 45657 | I84: 46022 | K84: =TEXT($F$84,"mmm 'yy")&" - "&TEXT($I$84,"mmm 'yy")&" CAGR" -> Dec '22 - Dec '25 CAGR | L84: ="% of Downsell "&$Q$84 -> % of Downsell Dec '24 - Dec '25 | M84: % Total Cum. | O84: =TEXT($F$84,"mmm 'yy")&" - "&TEXT($G$84,"mmm 'yy") -> Dec '22 - Dec '23 | P84: =TEXT($G$84,"mmm 'yy")&" - "&TEXT($H$84,"mmm 'yy") -> Dec '23 - Dec '24 | Q84: =TEXT($H$84,"mmm 'yy")&" - "&TEXT($I$84,"mmm 'yy") -> Dec '24 - Dec '25 | R84: ="% of "&$Q$84&" Growth" -> % of Dec '24 - Dec '25 Growth | S84: Mult. of Initial | U84: =TEXT($F$84,"mmm 'yy")&" - "&TEXT($G$84,"mmm 'yy") -> Dec '22 - Dec '23 | V84: =TEXT($G$84,"mmm 'yy")&" - "&TEXT($H$84,"mmm 'yy") -> Dec '23 - Dec '24 | W84: =TEXT($H$84,"mmm 'yy")&" - "&TEXT($I$84,"mmm 'yy") -> Dec '24 - Dec '25 | Y84: Customer Since
C86: 1 | D86: =+IFERROR(INDEX('Quikirr Data'!$B$4:$B$103,MATCH($C86,'Quikirr Data'!$NE$4:$NE$103,0),1),"") -> 37 | F86: =+IFERROR(INDEX('Quikirr Data'!$C$4:$AM$103,MATCH($C86,'Quikirr Data'!$NE$4:$NE$103,0),MATCH(F$84,'Quikirr Data'!$C$3:$AM$3,0)),0)*ToC!$E$15/ToC!$E$10 -> 2947.8 | G86: =+IFERROR(INDEX('Quikirr Data'!$C$4:$AM$103,MATCH($C86,'Quikirr Data'!$NE$4:$NE$103,0),MATCH(G$84,'Quikirr Data'!$C$3:$AM$3,0)),0)*ToC!$E$15/ToC!$E$10 -> 2947.8 | H86: =+IFERROR(INDEX('Quikirr Data'!$C$4:$AM$103,MATCH($C86,'Quikirr Data'!$NE$4:$NE$103,0),MATCH(H$84,'Quikirr Data'!$C$3:$AM$3,0)),0)*ToC!$E$15/ToC!$E$10 -> 3051 | I86: =+IFERROR(INDEX('Quikirr Data'!$C$4:$AM$103,MATCH($C86,'Quikirr Data'!$NE$4:$NE$103,0),MATCH(I$84,'Quikirr Data'!$C$3:$AM$3,0)),0)*ToC!$E$15/ToC!$E$10 -> 1275 | K86: =+IFERROR((I86/F86)^(1/YEARFRAC($F$84,$I$84))-1,0) -> -0.24374071 | L86: =+IFERROR(Q86/Q$99,0) -> 0.51001068 | M86: =+IFERROR(SUM(Q$86:Q86)/Q$99,0) -> 0.51001068 | O86: =+G86-F86 -> 0 | P86: =+H86-G86 -> 103.2 | Q86: =+I86-H86 -> -1776 | R86: {=+IFERROR(INDEX($O86:$Q86,MAX(MATCH('Top Customers'!$C$3,$F$84:$I$84,0)-1,1))/INDEX($O$99:$Q$99,MAX(MATCH('Top Customers'!$C$3,$F$84:$I$84,0)-1,1)),0)} -> 0.51001068 | S86: {=+IFERROR(I86/INDEX($F86:$I86,MATCH(TRUE,$F86:$I86<>0,0)),0)} -> 0.43252595 | U86: =+IFERROR(G86/F86-1,0) -> 0 | V86: =+IFERROR(H86/G86-1,0) -> 0.035009159 | W86: =+IFERROR(I86/H86-1,0) -> -0.58210423 | Y86: {=+IFERROR(INDEX('Quikirr Data'!$BD$4:$BD$103, MATCH(1,('Quikirr Data'!$B$4:$B$103=$D86)*('Quikirr Data'!$NE$4:$NE$103=$C86),0), 1),"N/A")} -> 44926
C87: =+C86+1 -> 2 | D87: =+IFERROR(INDEX('Quikirr Data'!$B$4:$B$103,MATCH($C87,'Quikirr Data'!$NE$4:$NE$103,0),1),"") -> 86 | F87: =+IFERROR(INDEX('Quikirr Data'!$C$4:$AM$103,MATCH($C87,'Quikirr Data'!$NE$4:$NE$103,0),MATCH(F$84,'Quikirr Data'!$C$3:$AM$3,0)),0)*ToC!$E$15/ToC!$E$10 -> 2148 | G87: =+IFERROR(INDEX('Quikirr Data'!$C$4:$AM$103,MATCH($C87,'Quikirr Data'!$NE$4:$NE$103,0),MATCH(G$84,'Quikirr Data'!$C$3:$AM$3,0)),0)*ToC!$E$15/ToC!$E$10 -> 2148 | H87: =+IFERROR(INDEX('Quikirr Data'!$C$4:$AM$103,MATCH($C87,'Quikirr Data'!$NE$4:$NE$103,0),MATCH(H$84,'Quikirr Data'!$C$3:$AM$3,0)),0)*ToC!$E$15/ToC!$E$10 -> 2148 | I87: =+IFERROR(INDEX('Quikirr Data'!$C$4:$AM$103,MATCH($C87,'Quikirr Data'!$NE$4:$NE$103,0),MATCH(I$84,'Quikirr Data'!$C$3:$AM$3,0)),0)*ToC!$E$15/ToC!$E$10 -> 1200 | K87: =+IFERROR((I87/F87)^(1/YEARFRAC($F$84,$I$84))-1,0) -> -0.17640129 | L87: =+IFERROR(Q87/Q$99,0) -> 0.27223543 | M87: =+IFERROR(SUM(Q$86:Q87)/Q$99,0) -> 0.78224611 | O87: =+G87-F87 -> 0 | P87: =+H87-G87 -> 0 | Q87: =+I87-H87 -> -948 | R87: {=+IFERROR(INDEX($O87:$Q87,MAX(MATCH('Top Customers'!$C$3,$F$84:$I$84,0)-1,1))/INDEX($O$99:$Q$99,MAX(MATCH('Top Customers'!$C$3,$F$84:$I$84,0)-1,1)),0)} -> 0.27223543 | S87: {=+IFERROR(I87/INDEX($F87:$I87,MATCH(TRUE,$F87:$I87<>0,0)),0)} -> 0.55865922 | U87: =+IFERROR(G87/F87-1,0) -> 0 | V87: =+IFERROR(H87/G87-1,0) -> 0 | W87: =+IFERROR(I87/H87-1,0) -> -0.44134078 | Y87: {=+IFERROR(INDEX('Quikirr Data'!$BD$4:$BD$103, MATCH(1,('Quikirr Data'!$B$4:$B$103=$D87)*('Quikirr Data'!$NE$4:$NE$103=$C87),0), 1),"N/A")} -> 44926
C88: =+C87+1 -> 3 | D88: =+IFERROR(INDEX('Quikirr Data'!$B$4:$B$103,MATCH($C88,'Quikirr Data'!$NE$4:$NE$103,0),1),"") -> 92 | F88: =+IFERROR(INDEX('Quikirr Data'!$C$4:$AM$103,MATCH($C88,'Quikirr Data'!$NE$4:$NE$103,0),MATCH(F$84,'Quikirr Data'!$C$3:$AM$3,0)),0)*ToC!$E$15/ToC!$E$10 -> 1758 | G88: =+IFERROR(INDEX('Quikirr Data'!$C$4:$AM$103,MATCH($C88,'Quikirr Data'!$NE$4:$NE$103,0),MATCH(G$84,'Quikirr Data'!$C$3:$AM$3,0)),0)*ToC!$E$15/ToC!$E$10 -> 2724.6 | H88: =+IFERROR(INDEX('Quikirr Data'!$C$4:$AM$103,MATCH($C88,'Quikirr Data'!$NE$4:$NE$103,0),MATCH(H$84,'Quikirr Data'!$C$3:$AM$3,0)),0)*ToC!$E$15/ToC!$E$10 -> 2724.6 | I88: =+IFERROR(INDEX('Quikirr Data'!$C$4:$AM$103,MATCH($C88,'Quikirr Data'!$NE$4:$NE$103,0),MATCH(I$84,'Quikirr Data'!$C$3:$AM$3,0)),0)*ToC!$E$15/ToC!$E$10 -> 2040.6 | K88: =+IFERROR((I88/F88)^(1/YEARFRAC($F$84,$I$84))-1,0) -> 0.050944231 | L88: =+IFERROR(Q88/Q$99,0) -> 0.19642303 | M88: =+IFERROR(SUM(Q$86:Q88)/Q$99,0) -> 0.97866915 | O88: =+G88-F88 -> 966.6 | P88: =+H88-G88 -> 0 | Q88: =+I88-H88 -> -684 | R88: {=+IFERROR(INDEX($O88:$Q88,MAX(MATCH('Top Customers'!$C$3,$F$84:$I$84,0)-1,1))/INDEX($O$99:$Q$99,MAX(MATCH('Top Customers'!$C$3,$F$84:$I$84,0)-1,1)),0)} -> 0.19642303 | S88: {=+IFERROR(I88/INDEX($F88:$I88,MATCH(TRUE,$F88:$I88<>0,0)),0)} -> 1.1607509 | U88: =+IFERROR(G88/F88-1,0) -> 0.54982935 | V88: =+IFERROR(H88/G88-1,0) -> 0 | W88: =+IFERROR(I88/H88-1,0) -> -0.25104603 | Y88: {=+IFERROR(INDEX('Quikirr Data'!$BD$4:$BD$103, MATCH(1,('Quikirr Data'!$B$4:$B$103=$D88)*('Quikirr Data'!$NE$4:$NE$103=$C88),0), 1),"N/A")} -> 44926
C89: =+C88+1 -> 4 | D89: =+IFERROR(INDEX('Quikirr Data'!$B$4:$B$103,MATCH($C89,'Quikirr Data'!$NE$4:$NE$103,0),1),"") -> 12 | F89: =+IFERROR(INDEX('Quikirr Data'!$C$4:$AM$103,MATCH($C89,'Quikirr Data'!$NE$4:$NE$103,0),MATCH(F$84,'Quikirr Data'!$C$3:$AM$3,0)),0)*ToC!$E$15/ToC!$E$10 -> 3408.6 | G89: =+IFERROR(INDEX('Quikirr Data'!$C$4:$AM$103,MATCH($C89,'Quikirr Data'!$NE$4:$NE$103,0),MATCH(G$84,'Quikirr Data'!$C$3:$AM$3,0)),0)*ToC!$E$15/ToC!$E$10 -> 3375.96 | H89: =+IFERROR(INDEX('Quikirr Data'!$C$4:$AM$103,MATCH($C89,'Quikirr Data'!$NE$4:$NE$103,0),MATCH(H$84,'Quikirr Data'!$C$3:$AM$3,0)),0)*ToC!$E$15/ToC!$E$10 -> 3602.28 | I89: =+IFERROR(INDEX('Quikirr Data'!$C$4:$AM$103,MATCH($C89,'Quikirr Data'!$NE$4:$NE$103,0),MATCH(I$84,'Quikirr Data'!$C$3:$AM$3,0)),0)*ToC!$E$15/ToC!$E$10 -> 3528 | K89: =+IFERROR((I89/F89)^(1/YEARFRAC($F$84,$I$84))-1,0) -> 0.011542604 | L89: =+IFERROR(Q89/Q$99,0) -> 0.021330852 | M89: =+IFERROR(SUM(Q$86:Q89)/Q$99,0) -> 1 | O89: =+G89-F89 -> -32.64 | P89: =+H89-G89 -> 226.32 | Q89: =+I89-H89 -> -74.28 | R89: {=+IFERROR(INDEX($O89:$Q89,MAX(MATCH('Top Customers'!$C$3,$F$84:$I$84,0)-1,1))/INDEX($O$99:$Q$99,MAX(MATCH('Top Customers'!$C$3,$F$84:$I$84,0)-1,1)),0)} -> 0.021330852 | S89: {=+IFERROR(I89/INDEX($F89:$I89,MATCH(TRUE,$F89:$I89<>0,0)),0)} -> 1.035029 | U89: =+IFERROR(G89/F89-1,0) -> -0.0095757789 | V89: =+IFERROR(H89/G89-1,0) -> 0.067038709 | W89: =+IFERROR(I89/H89-1,0) -> -0.020620274 | Y89: {=+IFERROR(INDEX('Quikirr Data'!$BD$4:$BD$103, MATCH(1,('Quikirr Data'!$B$4:$B$103=$D89)*('Quikirr Data'!$NE$4:$NE$103=$C89),0), 1),"N/A")} -> 44926
C90: =+C89+1 -> 5 | D90: =+IFERROR(INDEX('Quikirr Data'!$B$4:$B$103,MATCH($C90,'Quikirr Data'!$NE$4:$NE$103,0),1),"") | F90: =+IFERROR(INDEX('Quikirr Data'!$C$4:$AM$103,MATCH($C90,'Quikirr Data'!$NE$4:$NE$103,0),MATCH(F$84,'Quikirr Data'!$C$3:$AM$3,0)),0)*ToC!$E$15/ToC!$E$10 -> 0 | G90: =+IFERROR(INDEX('Quikirr Data'!$C$4:$AM$103,MATCH($C90,'Quikirr Data'!$NE$4:$NE$103,0),MATCH(G$84,'Quikirr Data'!$C$3:$AM$3,0)),0)*ToC!$E$15/ToC!$E$10 -> 0 | H90: =+IFERROR(INDEX('Quikirr Data'!$C$4:$AM$103,MATCH($C90,'Quikirr Data'!$NE$4:$NE$103,0),MATCH(H$84,'Quikirr Data'!$C$3:$AM$3,0)),0)*ToC!$E$15/ToC!$E$10 -> 0 | I90: =+IFERROR(INDEX('Quikirr Data'!$C$4:$AM$103,MATCH($C90,'Quikirr Data'!$NE$4:$NE$103,0),MATCH(I$84,'Quikirr Data'!$C$3:$AM$3,0)),0)*ToC!$E$15/ToC!$E$10 -> 0 | K90: =+IFERROR((I90/F90)^(1/YEARFRAC($F$84,$I$84))-1,0) -> 0 | L90: =+IFERROR(Q90/Q$99,0) -> 0 | M90: =+IFERROR(SUM(Q$86:Q90)/Q$99,0) -> 1 | O90: =+G90-F90 -> 0 | P90: =+H90-G90 -> 0 | Q90: =+I90-H90 -> 0 | R90: {=+IFERROR(INDEX($O90:$Q90,MAX(MATCH('Top Customers'!$C$3,$F$84:$I$84,0)-1,1))/INDEX($O$99:$Q$99,MAX(MATCH('Top Customers'!$C$3,$F$84:$I$84,0)-1,1)),0)} -> 0 | S90: {=+IFERROR(I90/INDEX($F90:$I90,MATCH(TRUE,$F90:$I90<>0,0)),0)} -> 0 | U90: =+IFERROR(G90/F90-1,0) -> 0 | V90: =+IFERROR(H90/G90-1,0) -> 0 | W90: =+IFERROR(I90/H90-1,0) -> 0 | Y90: {=+IFERROR(INDEX('Quikirr Data'!$BD$4:$BD$103, MATCH(1,('Quikirr Data'!$B$4:$B$103=$D90)*('Quikirr Data'!$NE$4:$NE$103=$C90),0), 1),"N/A")} -> N/A
C91: =+C90+1 -> 6 | D91: =+IFERROR(INDEX('Quikirr Data'!$B$4:$B$103,MATCH($C91,'Quikirr Data'!$NE$4:$NE$103,0),1),"") | F91: =+IFERROR(INDEX('Quikirr Data'!$C$4:$AM$103,MATCH($C91,'Quikirr Data'!$NE$4:$NE$103,0),MATCH(F$84,'Quikirr Data'!$C$3:$AM$3,0)),0)*ToC!$E$15/ToC!$E$10 -> 0 | G91: =+IFERROR(INDEX('Quikirr Data'!$C$4:$AM$103,MATCH($C91,'Quikirr Data'!$NE$4:$NE$103,0),MATCH(G$84,'Quikirr Data'!$C$3:$AM$3,0)),0)*ToC!$E$15/ToC!$E$10 -> 0 | H91: =+IFERROR(INDEX('Quikirr Data'!$C$4:$AM$103,MATCH($C91,'Quikirr Data'!$NE$4:$NE$103,0),MATCH(H$84,'Quikirr Data'!$C$3:$AM$3,0)),0)*ToC!$E$15/ToC!$E$10 -> 0 | I91: =+IFERROR(INDEX('Quikirr Data'!$C$4:$AM$103,MATCH($C91,'Quikirr Data'!$NE$4:$NE$103,0),MATCH(I$84,'Quikirr Data'!$C$3:$AM$3,0)),0)*ToC!$E$15/ToC!$E$10 -> 0 | K91: =+IFERROR((I91/F91)^(1/YEARFRAC($F$84,$I$84))-1,0) -> 0 | L91: =+IFERROR(Q91/Q$99,0) -> 0 | M91: =+IFERROR(SUM(Q$86:Q91)/Q$99,0) -> 1 | O91: =+G91-F91 -> 0 | P91: =+H91-G91 -> 0 | Q91: =+I91-H91 -> 0 | R91: {=+IFERROR(INDEX($O91:$Q91,MAX(MATCH('Top Customers'!$C$3,$F$84:$I$84,0)-1,1))/INDEX($O$99:$Q$99,MAX(MATCH('Top Customers'!$C$3,$F$84:$I$84,0)-1,1)),0)} -> 0 | S91: {=+IFERROR(I91/INDEX($F91:$I91,MATCH(TRUE,$F91:$I91<>0,0)),0)} -> 0 | U91: =+IFERROR(G91/F91-1,0) -> 0 | V91: =+IFERROR(H91/G91-1,0) -> 0 | W91: =+IFERROR(I91/H91-1,0) -> 0 | Y91: {=+IFERROR(INDEX('Quikirr Data'!$BD$4:$BD$103, MATCH(1,('Quikirr Data'!$B$4:$B$103=$D91)*('Quikirr Data'!$NE$4:$NE$103=$C91),0), 1),"N/A")} -> N/A
C92: =+C91+1 -> 7 | D92: =+IFERROR(INDEX('Quikirr Data'!$B$4:$B$103,MATCH($C92,'Quikirr Data'!$NE$4:$NE$103,0),1),"") | F92: =+IFERROR(INDEX('Quikirr Data'!$C$4:$AM$103,MATCH($C92,'Quikirr Data'!$NE$4:$NE$103,0),MATCH(F$84,'Quikirr Data'!$C$3:$AM$3,0)),0)*ToC!$E$15/ToC!$E$10 -> 0 | G92: =+IFERROR(INDEX('Quikirr Data'!$C$4:$AM$103,MATCH($C92,'Quikirr Data'!$NE$4:$NE$103,0),MATCH(G$84,'Quikirr Data'!$C$3:$AM$3,0)),0)*ToC!$E$15/ToC!$E$10 -> 0 | H92: =+IFERROR(INDEX('Quikirr Data'!$C$4:$AM$103,MATCH($C92,'Quikirr Data'!$NE$4:$NE$103,0),MATCH(H$84,'Quikirr Data'!$C$3:$AM$3,0)),0)*ToC!$E$15/ToC!$E$10 -> 0 | I92: =+IFERROR(INDEX('Quikirr Data'!$C$4:$AM$103,MATCH($C92,'Quikirr Data'!$NE$4:$NE$103,0),MATCH(I$84,'Quikirr Data'!$C$3:$AM$3,0)),0)*ToC!$E$15/ToC!$E$10 -> 0 | K92: =+IFERROR((I92/F92)^(1/YEARFRAC($F$84,$I$84))-1,0) -> 0 | L92: =+IFERROR(Q92/Q$99,0) -> 0 | M92: =+IFERROR(SUM(Q$86:Q92)/Q$99,0) -> 1 | O92: =+G92-F92 -> 0 | P92: =+H92-G92 -> 0 | Q92: =+I92-H92 -> 0 | R92: {=+IFERROR(INDEX($O92:$Q92,MAX(MATCH('Top Customers'!$C$3,$F$84:$I$84,0)-1,1))/INDEX($O$99:$Q$99,MAX(MATCH('Top Customers'!$C$3,$F$84:$I$84,0)-1,1)),0)} -> 0 | S92: {=+IFERROR(I92/INDEX($F92:$I92,MATCH(TRUE,$F92:$I92<>0,0)),0)} -> 0 | U92: =+IFERROR(G92/F92-1,0) -> 0 | V92: =+IFERROR(H92/G92-1,0) -> 0 | W92: =+IFERROR(I92/H92-1,0) -> 0 | Y92: {=+IFERROR(INDEX('Quikirr Data'!$BD$4:$BD$103, MATCH(1,('Quikirr Data'!$B$4:$B$103=$D92)*('Quikirr Data'!$NE$4:$NE$103=$C92),0), 1),"N/A")} -> N/A
C93: =+C92+1 -> 8 | D93: =+IFERROR(INDEX('Quikirr Data'!$B$4:$B$103,MATCH($C93,'Quikirr Data'!$NE$4:$NE$103,0),1),"") | F93: =+IFERROR(INDEX('Quikirr Data'!$C$4:$AM$103,MATCH($C93,'Quikirr Data'!$NE$4:$NE$103,0),MATCH(F$84,'Quikirr Data'!$C$3:$AM$3,0)),0)*ToC!$E$15/ToC!$E$10 -> 0 | G93: =+IFERROR(INDEX('Quikirr Data'!$C$4:$AM$103,MATCH($C93,'Quikirr Data'!$NE$4:$NE$103,0),MATCH(G$84,'Quikirr Data'!$C$3:$AM$3,0)),0)*ToC!$E$15/ToC!$E$10 -> 0 | H93: =+IFERROR(INDEX('Quikirr Data'!$C$4:$AM$103,MATCH($C93,'Quikirr Data'!$NE$4:$NE$103,0),MATCH(H$84,'Quikirr Data'!$C$3:$AM$3,0)),0)*ToC!$E$15/ToC!$E$10 -> 0 | I93: =+IFERROR(INDEX('Quikirr Data'!$C$4:$AM$103,MATCH($C93,'Quikirr Data'!$NE$4:$NE$103,0),MATCH(I$84,'Quikirr Data'!$C$3:$AM$3,0)),0)*ToC!$E$15/ToC!$E$10 -> 0 | K93: =+IFERROR((I93/F93)^(1/YEARFRAC($F$84,$I$84))-1,0) -> 0 | L93: =+IFERROR(Q93/Q$99,0) -> 0 | M93: =+IFERROR(SUM(Q$86:Q93)/Q$99,0) -> 1 | O93: =+G93-F93 -> 0 | P93: =+H93-G93 -> 0 | Q93: =+I93-H93 -> 0 | R93: {=+IFERROR(INDEX($O93:$Q93,MAX(MATCH('Top Customers'!$C$3,$F$84:$I$84,0)-1,1))/INDEX($O$99:$Q$99,MAX(MATCH('Top Customers'!$C$3,$F$84:$I$84,0)-1,1)),0)} -> 0 | S93: {=+IFERROR(I93/INDEX($F93:$I93,MATCH(TRUE,$F93:$I93<>0,0)),0)} -> 0 | U93: =+IFERROR(G93/F93-1,0) -> 0 | V93: =+IFERROR(H93/G93-1,0) -> 0 | W93: =+IFERROR(I93/H93-1,0) -> 0 | Y93: {=+IFERROR(INDEX('Quikirr Data'!$BD$4:$BD$103, MATCH(1,('Quikirr Data'!$B$4:$B$103=$D93)*('Quikirr Data'!$NE$4:$NE$103=$C93),0), 1),"N/A")} -> N/A
C94: =+C93+1 -> 9 | D94: =+IFERROR(INDEX('Quikirr Data'!$B$4:$B$103,MATCH($C94,'Quikirr Data'!$NE$4:$NE$103,0),1),"") | F94: =+IFERROR(INDEX('Quikirr Data'!$C$4:$AM$103,MATCH($C94,'Quikirr Data'!$NE$4:$NE$103,0),MATCH(F$84,'Quikirr Data'!$C$3:$AM$3,0)),0)*ToC!$E$15/ToC!$E$10 -> 0 | G94: =+IFERROR(INDEX('Quikirr Data'!$C$4:$AM$103,MATCH($C94,'Quikirr Data'!$NE$4:$NE$103,0),MATCH(G$84,'Quikirr Data'!$C$3:$AM$3,0)),0)*ToC!$E$15/ToC!$E$10 -> 0 | H94: =+IFERROR(INDEX('Quikirr Data'!$C$4:$AM$103,MATCH($C94,'Quikirr Data'!$NE$4:$NE$103,0),MATCH(H$84,'Quikirr Data'!$C$3:$AM$3,0)),0)*ToC!$E$15/ToC!$E$10 -> 0 | I94: =+IFERROR(INDEX('Quikirr Data'!$C$4:$AM$103,MATCH($C94,'Quikirr Data'!$NE$4:$NE$103,0),MATCH(I$84,'Quikirr Data'!$C$3:$AM$3,0)),0)*ToC!$E$15/ToC!$E$10 -> 0 | K94: =+IFERROR((I94/F94)^(1/YEARFRAC($F$84,$I$84))-1,0) -> 0 | L94: =+IFERROR(Q94/Q$99,0) -> 0 | M94: =+IFERROR(SUM(Q$86:Q94)/Q$99,0) -> 1 | O94: =+G94-F94 -> 0 | P94: =+H94-G94 -> 0 | Q94: =+I94-H94 -> 0 | R94: {=+IFERROR(INDEX($O94:$Q94,MAX(MATCH('Top Customers'!$C$3,$F$84:$I$84,0)-1,1))/INDEX($O$99:$Q$99,MAX(MATCH('Top Customers'!$C$3,$F$84:$I$84,0)-1,1)),0)} -> 0 | S94: {=+IFERROR(I94/INDEX($F94:$I94,MATCH(TRUE,$F94:$I94<>0,0)),0)} -> 0 | U94: =+IFERROR(G94/F94-1,0) -> 0 | V94: =+IFERROR(H94/G94-1,0) -> 0 | W94: =+IFERROR(I94/H94-1,0) -> 0 | Y94: {=+IFERROR(INDEX('Quikirr Data'!$BD$4:$BD$103, MATCH(1,('Quikirr Data'!$B$4:$B$103=$D94)*('Quikirr Data'!$NE$4:$NE$103=$C94),0), 1),"N/A")} -> N/A
C95: =+C94+1 -> 10 | D95: =+IFERROR(INDEX('Quikirr Data'!$B$4:$B$103,MATCH($C95,'Quikirr Data'!$NE$4:$NE$103,0),1),"") | F95: =+IFERROR(INDEX('Quikirr Data'!$C$4:$AM$103,MATCH($C95,'Quikirr Data'!$NE$4:$NE$103,0),MATCH(F$84,'Quikirr Data'!$C$3:$AM$3,0)),0)*ToC!$E$15/ToC!$E$10 -> 0 | G95: =+IFERROR(INDEX('Quikirr Data'!$C$4:$AM$103,MATCH($C95,'Quikirr Data'!$NE$4:$NE$103,0),MATCH(G$84,'Quikirr Data'!$C$3:$AM$3,0)),0)*ToC!$E$15/ToC!$E$10 -> 0 | H95: =+IFERROR(INDEX('Quikirr Data'!$C$4:$AM$103,MATCH($C95,'Quikirr Data'!$NE$4:$NE$103,0),MATCH(H$84,'Quikirr Data'!$C$3:$AM$3,0)),0)*ToC!$E$15/ToC!$E$10 -> 0 | I95: =+IFERROR(INDEX('Quikirr Data'!$C$4:$AM$103,MATCH($C95,'Quikirr Data'!$NE$4:$NE$103,0),MATCH(I$84,'Quikirr Data'!$C$3:$AM$3,0)),0)*ToC!$E$15/ToC!$E$10 -> 0 | K95: =+IFERROR((I95/F95)^(1/YEARFRAC($F$84,$I$84))-1,0) -> 0 | L95: =+IFERROR(Q95/Q$99,0) -> 0 | M95: =+IFERROR(SUM(Q$86:Q95)/Q$99,0) -> 1 | O95: =+G95-F95 -> 0 | P95: =+H95-G95 -> 0 | Q95: =+I95-H95 -> 0 | R95: {=+IFERROR(INDEX($O95:$Q95,MAX(MATCH('Top Customers'!$C$3,$F$84:$I$84,0)-1,1))/INDEX($O$99:$Q$99,MAX(MATCH('Top Customers'!$C$3,$F$84:$I$84,0)-1,1)),0)} -> 0 | S95: {=+IFERROR(I95/INDEX($F95:$I95,MATCH(TRUE,$F95:$I95<>0,0)),0)} -> 0 | U95: =+IFERROR(G95/F95-1,0) -> 0 | V95: =+IFERROR(H95/G95-1,0) -> 0 | W95: =+IFERROR(I95/H95-1,0) -> 0 | Y95: {=+IFERROR(INDEX('Quikirr Data'!$BD$4:$BD$103, MATCH(1,('Quikirr Data'!$B$4:$B$103=$D95)*('Quikirr Data'!$NE$4:$NE$103=$C95),0), 1),"N/A")} -> N/A
D96: =+"Total Top "&COUNTA('Top Customers'!$D$86:$D$95) -> Total Top 10 | F96: =+SUM(F$86:F$95) -> 10262.4 | G96: =+SUM(G$86:G$95) -> 11196.36 | H96: =+SUM(H$86:H$95) -> 11525.88 | I96: =+SUM(I$86:I$95) -> 8043.6 | K96: =+IFERROR((I96/F96)^(1/YEARFRAC($F$84,$I$84))-1,0) -> -0.077993798 | L96: =+IFERROR(Q96/Q$99,0) -> 1 | M96: =+M95 -> 1 | O96: =+G96-F96 -> 933.96 | P96: =+H96-G96 -> 329.52 | Q96: =+I96-H96 -> -3482.28 | R96: {=+IFERROR(INDEX($O96:$Q96,MAX(MATCH('Top Customers'!$C$3,$F$84:$I$84,0)-1,1))/INDEX($O$99:$Q$99,MAX(MATCH('Top Customers'!$C$3,$F$84:$I$84,0)-1,1)),0)} -> 1 | S96: {=+IFERROR(I96/INDEX($F96:$I96,MATCH(TRUE,$F96:$I96<>0,0)),0)} -> 0.78379326 | U96: =+IFERROR(G96/F96-1,0) -> 0.091007951 | V96: =+IFERROR(H96/G96-1,0) -> 0.029430994 | W96: =+IFERROR(I96/H96-1,0) -> -0.30212704
D98: =+"Other Downsell ("&COUNTIFS('Quikirr Data'!$NE$4:$NE$103,">10")&" Customers)" -> Other Downsell (0 Customers) | F98: =+F99-F96 -> 0 | G98: =+G99-G96 -> 0 | H98: =+H99-H96 -> 0 | I98: =+I99-I96 -> 0 | K98: =+IFERROR((I98/F98)^(1/YEARFRAC($F$84,$I$84))-1,0) -> 0 | L98: =+IFERROR(Q98/Q$99,0) -> 0 | M98: =+M99-M96 -> 0 | O98: =+G98-F98 -> 0 | P98: =+H98-G98 -> 0 | Q98: =+I98-H98 -> 0 | R98: {=+IFERROR(INDEX($O98:$Q98,MAX(MATCH('Top Customers'!$C$3,$F$84:$I$84,0)-1,1))/INDEX($O$99:$Q$99,MAX(MATCH('Top Customers'!$C$3,$F$84:$I$84,0)-1,1)),0)} -> 0 | S98: {=+IFERROR(I98/INDEX($F98:$I98,MATCH(TRUE,$F98:$I98<>0,0)),0)} -> 0 | U98: =+IFERROR(G98/F98-1,0) -> 0 | V98: =+IFERROR(H98/G98-1,0) -> 0 | W98: =+IFERROR(I98/H98-1,0) -> 0
D99: Total Downsell Customers | F99: =+SUMIFS('Quikirr Data'!C$4:C$103,'Quikirr Data'!$NE$4:$NE$103,"<>N/A")*ToC!$E$15/ToC!$E$10 -> 10262.4 | G99: =+SUMIFS('Quikirr Data'!O$4:O$103,'Quikirr Data'!$NE$4:$NE$103,"<>N/A")*ToC!$E$15/ToC!$E$10 -> 11196.36 | H99: =+SUMIFS('Quikirr Data'!AA$4:AA$103,'Quikirr Data'!$NE$4:$NE$103,"<>N/A")*ToC!$E$15/ToC!$E$10 -> 11525.88 | I99: =+SUMIFS('Quikirr Data'!AM$4:AM$103,'Quikirr Data'!$NE$4:$NE$103,"<>N/A")*ToC!$E$15/ToC!$E$10 -> 8043.6 | K99: =+IFERROR((I99/F99)^(1/YEARFRAC($F$84,$I$84))-1,0) -> -0.077993798 | L99: =+IFERROR(Q99/Q$99,0) -> 1 | M99: =1 -> 1 | O99: =+G99-F99 -> 933.96 | P99: =+H99-G99 -> 329.52 | Q99: =+I99-H99 -> -3482.28 | R99: {=+IFERROR(INDEX($O$99:$Q$99,MAX(MATCH('Top Customers'!$C$3,$F$84:$I$84,0)-1,1))/INDEX($O$99:$Q$99,MAX(MATCH('Top Customers'!$C$3,$F$84:$I$84,0)-1,1)),0)} -> 1 | S99: {=+IFERROR(I99/INDEX($F99:$I99,MATCH(TRUE,$F99:$I99<>0,0)),0)} -> 0.78379326 | U99: =+IFERROR(G99/F99-1,0) -> 0.091007951 | V99: =+IFERROR(H99/G99-1,0) -> 0.029430994 | W99: =+IFERROR(I99/H99-1,0) -> -0.30212704
D101: Total Top 5 | F101: =+SUM(F$86:F$90) -> 10262.4 | G101: =+SUM(G$86:G$90) -> 11196.36 | H101: =+SUM(H$86:H$90) -> 11525.88 | I101: =+SUM(I$86:I$90) -> 8043.6 | K101: =+IFERROR((I101/F101)^(1/YEARFRAC($F$84,$I$84))-1,0) -> -0.077993798 | L101: =+IFERROR(Q101/Q$99,0) -> 1 | M101: =+L101 -> 1 | O101: =+G101-F101 -> 933.96 | P101: =+H101-G101 -> 329.52 | Q101: =+I101-H101 -> -3482.28 | R101: {=+IFERROR(INDEX($O101:$Q101,MAX(MATCH('Top Customers'!$C$3,$F$84:$I$84,0)-1,1))/INDEX($O$99:$Q$99,MAX(MATCH('Top Customers'!$C$3,$F$84:$I$84,0)-1,1)),0)} -> 1 | S101: {=+IFERROR(I101/INDEX($F101:$I101,MATCH(TRUE,$F101:$I101<>0,0)),0)} -> 0.78379326 | U101: =+IFERROR(G101/F101-1,0) -> 0.091007951 | V101: =+IFERROR(H101/G101-1,0) -> 0.029430994 | W101: =+IFERROR(I101/H101-1,0) -> -0.30212704
D102: Total Top 10 | F102: =+SUM(F$86:F$95) -> 10262.4 | G102: =+SUM(G$86:G$95) -> 11196.36 | H102: =+SUM(H$86:H$95) -> 11525.88 | I102: =+SUM(I$86:I$95) -> 8043.6 | K102: =+IFERROR((I102/F102)^(1/YEARFRAC($F$84,$I$84))-1,0) -> -0.077993798 | L102: =+IFERROR(Q102/Q$99,0) -> 1 | M102: =+L102 -> 1 | O102: =+G102-F102 -> 933.96 | P102: =+H102-G102 -> 329.52 | Q102: =+I102-H102 -> -3482.28 | R102: {=+IFERROR(INDEX($O102:$Q102,MAX(MATCH('Top Customers'!$C$3,$F$84:$I$84,0)-1,1))/INDEX($O$99:$Q$99,MAX(MATCH('Top Customers'!$C$3,$F$84:$I$84,0)-1,1)),0)} -> 1 | S102: {=+IFERROR(I102/INDEX($F102:$I102,MATCH(TRUE,$F102:$I102<>0,0)),0)} -> 0.78379326 | U102: =+IFERROR(G102/F102-1,0) -> 0.091007951 | V102: =+IFERROR(H102/G102-1,0) -> 0.029430994 | W102: =+IFERROR(I102/H102-1,0) -> -0.30212704
C105: ="Top Churn Customers as of " & TEXT('Top Customers'!C3, "mmm-yy") -> Top Churn Customers as of Dec-25
C106: ="("&ToC!$E$12&" "&ToC!$E$11&")" -> ($ Actuals)
F107: ARR | O107: $ Growth | U107: % Growth
C108: Rank | D108: Customer | F108: 44926 | G108: 45291 | H108: 45657 | I108: 46022 | K108: =TEXT($F$108,"mmm 'yy")&" - "&TEXT($I$108,"mmm 'yy")&" CAGR" -> Dec '22 - Dec '25 CAGR | L108: ="% of Churn "&$Q$108 -> % of Churn Dec '24 - Dec '25 | M108: % Total Cum. | O108: =TEXT($F$108,"mmm 'yy")&" - "&TEXT($G$108,"mmm 'yy") -> Dec '22 - Dec '23 | P108: =TEXT($G$108,"mmm 'yy")&" - "&TEXT($H$108,"mmm 'yy") -> Dec '23 - Dec '24 | Q108: =TEXT($H$108,"mmm 'yy")&" - "&TEXT($I$108,"mmm 'yy") -> Dec '24 - Dec '25 | R108: ="% of "&$Q$108&" Growth" -> % of Dec '24 - Dec '25 Growth | S108: Mult. of Initial | U108: =TEXT($F$108,"mmm 'yy")&" - "&TEXT($G$108,"mmm 'yy") -> Dec '22 - Dec '23 | V108: =TEXT($G$108,"mmm 'yy")&" - "&TEXT($H$108,"mmm 'yy") -> Dec '23 - Dec '24 | W108: =TEXT($H$108,"mmm 'yy")&" - "&TEXT($I$108,"mmm 'yy") -> Dec '24 - Dec '25 | Y108: Customer Since
C110: 1 | D110: =+IFERROR(INDEX('Quikirr Data'!$B$4:$B$103,MATCH($C110,'Quikirr Data'!$NF$4:$NF$103,0),1),"") -> 100 | F110: =+IFERROR(INDEX('Quikirr Data'!$C$4:$AM$103,MATCH($C110,'Quikirr Data'!$NF$4:$NF$103,0),MATCH(F$108,'Quikirr Data'!$C$3:$AM$3,0)),0)*ToC!$E$15/ToC!$E$10 -> 3108 | G110: =+IFERROR(INDEX('Quikirr Data'!$C$4:$AM$103,MATCH($C110,'Quikirr Data'!$NF$4:$NF$103,0),MATCH(G$108,'Quikirr Data'!$C$3:$AM$3,0)),0)*ToC!$E$15/ToC!$E$10 -> 3108 | H110: =+IFERROR(INDEX('Quikirr Data'!$C$4:$AM$103,MATCH($C110,'Quikirr Data'!$NF$4:$NF$103,0),MATCH(H$108,'Quikirr Data'!$C$3:$AM$3,0)),0)*ToC!$E$15/ToC!$E$10 -> 3348 | I110: =+IFERROR(INDEX('Quikirr Data'!$C$4:$AM$103,MATCH($C110,'Quikirr Data'!$NF$4:$NF$103,0),MATCH(I$108,'Quikirr Data'!$C$3:$AM$3,0)),0)*ToC!$E$15/ToC!$E$10 -> 0 | K110: =+IFERROR((I110/F110)^(1/YEARFRAC($F$108,$I$108))-1,0) -> -1 | L110: =+IFERROR(Q110/Q$123,0) -> 0.73809524 | M110: =+IFERROR(SUM(Q$110:Q110)/Q$123,0) -> 0.73809524 | O110: =+G110-F110 -> 0 | P110: =+H110-G110 -> 240 | Q110: =+I110-H110 -> -3348 | R110: {=+IFERROR(INDEX($O110:$Q110,MAX(MATCH('Top Customers'!$C$3,$F$108:$I$108,0)-1,1))/INDEX($O$123:$Q$123,MAX(MATCH('Top Customers'!$C$3,$F$108:$I$108,0)-1,1)),0)} -> 0.73809524 | S110: {=+IFERROR(I110/INDEX($F110:$I110,MATCH(TRUE,$F110:$I110<>0,0)),0)} -> 0 | U110: =+IFERROR(G110/F110-1,0) -> 0 | V110: =+IFERROR(H110/G110-1,0) -> 0.077220077 | W110: =+IFERROR(I110/H110-1,0) -> -1 | Y110: {=+IFERROR(INDEX('Quikirr Data'!$BD$4:$BD$103, MATCH(1,('Quikirr Data'!$B$4:$B$103=$D110)*('Quikirr Data'!$NF$4:$NF$103=$C110),0), 1),"N/A")} -> 44926
C111: =+C110+1 -> 2 | D111: =+IFERROR(INDEX('Quikirr Data'!$B$4:$B$103,MATCH($C111,'Quikirr Data'!$NF$4:$NF$103,0),1),"") -> 33 | F111: =+IFERROR(INDEX('Quikirr Data'!$C$4:$AM$103,MATCH($C111,'Quikirr Data'!$NF$4:$NF$103,0),MATCH(F$108,'Quikirr Data'!$C$3:$AM$3,0)),0)*ToC!$E$15/ToC!$E$10 -> 1191.96 | G111: =+IFERROR(INDEX('Quikirr Data'!$C$4:$AM$103,MATCH($C111,'Quikirr Data'!$NF$4:$NF$103,0),MATCH(G$108,'Quikirr Data'!$C$3:$AM$3,0)),0)*ToC!$E$15/ToC!$E$10 -> 1188 | H111: =+IFERROR(INDEX('Quikirr Data'!$C$4:$AM$103,MATCH($C111,'Quikirr Data'!$NF$4:$NF$103,0),MATCH(H$108,'Quikirr Data'!$C$3:$AM$3,0)),0)*ToC!$E$15/ToC!$E$10 -> 1188 | I111: =+IFERROR(INDEX('Quikirr Data'!$C$4:$AM$103,MATCH($C111,'Quikirr Data'!$NF$4:$NF$103,0),MATCH(I$108,'Quikirr Data'!$C$3:$AM$3,0)),0)*ToC!$E$15/ToC!$E$10 -> 0 | K111: =+IFERROR((I111/F111)^(1/YEARFRAC($F$108,$I$108))-1,0) -> -1 | L111: =+IFERROR(Q111/Q$123,0) -> 0.26190476 | M111: =+IFERROR(SUM(Q$110:Q111)/Q$123,0) -> 1 | O111: =+G111-F111 -> -3.96 | P111: =+H111-G111 -> 0 | Q111: =+I111-H111 -> -1188 | R111: {=+IFERROR(INDEX($O111:$Q111,MAX(MATCH('Top Customers'!$C$3,$F$108:$I$108,0)-1,1))/INDEX($O$123:$Q$123,MAX(MATCH('Top Customers'!$C$3,$F$108:$I$108,0)-1,1)),0)} -> 0.26190476 | S111: {=+IFERROR(I111/INDEX($F111:$I111,MATCH(TRUE,$F111:$I111<>0,0)),0)} -> 0 | U111: =+IFERROR(G111/F111-1,0) -> -0.0033222591 | V111: =+IFERROR(H111/G111-1,0) -> 0 | W111: =+IFERROR(I111/H111-1,0) -> -1 | Y111: {=+IFERROR(INDEX('Quikirr Data'!$BD$4:$BD$103, MATCH(1,('Quikirr Data'!$B$4:$B$103=$D111)*('Quikirr Data'!$NF$4:$NF$103=$C111),0), 1),"N/A")} -> 44926
C112: =+C111+1 -> 3 | D112: =+IFERROR(INDEX('Quikirr Data'!$B$4:$B$103,MATCH($C112,'Quikirr Data'!$NF$4:$NF$103,0),1),"") | F112: =+IFERROR(INDEX('Quikirr Data'!$C$4:$AM$103,MATCH($C112,'Quikirr Data'!$NF$4:$NF$103,0),MATCH(F$108,'Quikirr Data'!$C$3:$AM$3,0)),0)*ToC!$E$15/ToC!$E$10 -> 0 | G112: =+IFERROR(INDEX('Quikirr Data'!$C$4:$AM$103,MATCH($C112,'Quikirr Data'!$NF$4:$NF$103,0),MATCH(G$108,'Quikirr Data'!$C$3:$AM$3,0)),0)*ToC!$E$15/ToC!$E$10 -> 0 | H112: =+IFERROR(INDEX('Quikirr Data'!$C$4:$AM$103,MATCH($C112,'Quikirr Data'!$NF$4:$NF$103,0),MATCH(H$108,'Quikirr Data'!$C$3:$AM$3,0)),0)*ToC!$E$15/ToC!$E$10 -> 0 | I112: =+IFERROR(INDEX('Quikirr Data'!$C$4:$AM$103,MATCH($C112,'Quikirr Data'!$NF$4:$NF$103,0),MATCH(I$108,'Quikirr Data'!$C$3:$AM$3,0)),0)*ToC!$E$15/ToC!$E$10 -> 0 | K112: =+IFERROR((I112/F112)^(1/YEARFRAC($F$108,$I$108))-1,0) -> 0 | L112: =+IFERROR(Q112/Q$123,0) -> 0 | M112: =+IFERROR(SUM(Q$110:Q112)/Q$123,0) -> 1 | O112: =+G112-F112 -> 0 | P112: =+H112-G112 -> 0 | Q112: =+I112-H112 -> 0 | R112: {=+IFERROR(INDEX($O112:$Q112,MAX(MATCH('Top Customers'!$C$3,$F$108:$I$108,0)-1,1))/INDEX($O$123:$Q$123,MAX(MATCH('Top Customers'!$C$3,$F$108:$I$108,0)-1,1)),0)} -> 0 | S112: {=+IFERROR(I112/INDEX($F112:$I112,MATCH(TRUE,$F112:$I112<>0,0)),0)} -> 0 | U112: =+IFERROR(G112/F112-1,0) -> 0 | V112: =+IFERROR(H112/G112-1,0) -> 0 | W112: =+IFERROR(I112/H112-1,0) -> 0 | Y112: {=+IFERROR(INDEX('Quikirr Data'!$BD$4:$BD$103, MATCH(1,('Quikirr Data'!$B$4:$B$103=$D112)*('Quikirr Data'!$NF$4:$NF$103=$C112),0), 1),"N/A")} -> N/A
C113: =+C112+1 -> 4 | D113: =+IFERROR(INDEX('Quikirr Data'!$B$4:$B$103,MATCH($C113,'Quikirr Data'!$NF$4:$NF$103,0),1),"") | F113: =+IFERROR(INDEX('Quikirr Data'!$C$4:$AM$103,MATCH($C113,'Quikirr Data'!$NF$4:$NF$103,0),MATCH(F$108,'Quikirr Data'!$C$3:$AM$3,0)),0)*ToC!$E$15/ToC!$E$10 -> 0 | G113: =+IFERROR(INDEX('Quikirr Data'!$C$4:$AM$103,MATCH($C113,'Quikirr Data'!$NF$4:$NF$103,0),MATCH(G$108,'Quikirr Data'!$C$3:$AM$3,0)),0)*ToC!$E$15/ToC!$E$10 -> 0 | H113: =+IFERROR(INDEX('Quikirr Data'!$C$4:$AM$103,MATCH($C113,'Quikirr Data'!$NF$4:$NF$103,0),MATCH(H$108,'Quikirr Data'!$C$3:$AM$3,0)),0)*ToC!$E$15/ToC!$E$10 -> 0 | I113: =+IFERROR(INDEX('Quikirr Data'!$C$4:$AM$103,MATCH($C113,'Quikirr Data'!$NF$4:$NF$103,0),MATCH(I$108,'Quikirr Data'!$C$3:$AM$3,0)),0)*ToC!$E$15/ToC!$E$10 -> 0 | K113: =+IFERROR((I113/F113)^(1/YEARFRAC($F$108,$I$108))-1,0) -> 0 | L113: =+IFERROR(Q113/Q$123,0) -> 0 | M113: =+IFERROR(SUM(Q$110:Q113)/Q$123,0) -> 1 | O113: =+G113-F113 -> 0 | P113: =+H113-G113 -> 0 | Q113: =+I113-H113 -> 0 | R113: {=+IFERROR(INDEX($O113:$Q113,MAX(MATCH('Top Customers'!$C$3,$F$108:$I$108,0)-1,1))/INDEX($O$123:$Q$123,MAX(MATCH('Top Customers'!$C$3,$F$108:$I$108,0)-1,1)),0)} -> 0 | S113: {=+IFERROR(I113/INDEX($F113:$I113,MATCH(TRUE,$F113:$I113<>0,0)),0)} -> 0 | U113: =+IFERROR(G113/F113-1,0) -> 0 | V113: =+IFERROR(H113/G113-1,0) -> 0 | W113: =+IFERROR(I113/H113-1,0) -> 0 | Y113: {=+IFERROR(INDEX('Quikirr Data'!$BD$4:$BD$103, MATCH(1,('Quikirr Data'!$B$4:$B$103=$D113)*('Quikirr Data'!$NF$4:$NF$103=$C113),0), 1),"N/A")} -> N/A
C114: =+C113+1 -> 5 | D114: =+IFERROR(INDEX('Quikirr Data'!$B$4:$B$103,MATCH($C114,'Quikirr Data'!$NF$4:$NF$103,0),1),"") | F114: =+IFERROR(INDEX('Quikirr Data'!$C$4:$AM$103,MATCH($C114,'Quikirr Data'!$NF$4:$NF$103,0),MATCH(F$108,'Quikirr Data'!$C$3:$AM$3,0)),0)*ToC!$E$15/ToC!$E$10 -> 0 | G114: =+IFERROR(INDEX('Quikirr Data'!$C$4:$AM$103,MATCH($C114,'Quikirr Data'!$NF$4:$NF$103,0),MATCH(G$108,'Quikirr Data'!$C$3:$AM$3,0)),0)*ToC!$E$15/ToC!$E$10 -> 0 | H114: =+IFERROR(INDEX('Quikirr Data'!$C$4:$AM$103,MATCH($C114,'Quikirr Data'!$NF$4:$NF$103,0),MATCH(H$108,'Quikirr Data'!$C$3:$AM$3,0)),0)*ToC!$E$15/ToC!$E$10 -> 0 | I114: =+IFERROR(INDEX('Quikirr Data'!$C$4:$AM$103,MATCH($C114,'Quikirr Data'!$NF$4:$NF$103,0),MATCH(I$108,'Quikirr Data'!$C$3:$AM$3,0)),0)*ToC!$E$15/ToC!$E$10 -> 0 | K114: =+IFERROR((I114/F114)^(1/YEARFRAC($F$108,$I$108))-1,0) -> 0 | L114: =+IFERROR(Q114/Q$123,0) -> 0 | M114: =+IFERROR(SUM(Q$110:Q114)/Q$123,0) -> 1 | O114: =+G114-F114 -> 0 | P114: =+H114-G114 -> 0 | Q114: =+I114-H114 -> 0 | R114: {=+IFERROR(INDEX($O114:$Q114,MAX(MATCH('Top Customers'!$C$3,$F$108:$I$108,0)-1,1))/INDEX($O$123:$Q$123,MAX(MATCH('Top Customers'!$C$3,$F$108:$I$108,0)-1,1)),0)} -> 0 | S114: {=+IFERROR(I114/INDEX($F114:$I114,MATCH(TRUE,$F114:$I114<>0,0)),0)} -> 0 | U114: =+IFERROR(G114/F114-1,0) -> 0 | V114: =+IFERROR(H114/G114-1,0) -> 0 | W114: =+IFERROR(I114/H114-1,0) -> 0 | Y114: {=+IFERROR(INDEX('Quikirr Data'!$BD$4:$BD$103, MATCH(1,('Quikirr Data'!$B$4:$B$103=$D114)*('Quikirr Data'!$NF$4:$NF$103=$C114),0), 1),"N/A")} -> N/A
C115: =+C114+1 -> 6 | D115: =+IFERROR(INDEX('Quikirr Data'!$B$4:$B$103,MATCH($C115,'Quikirr Data'!$NF$4:$NF$103,0),1),"") | F115: =+IFERROR(INDEX('Quikirr Data'!$C$4:$AM$103,MATCH($C115,'Quikirr Data'!$NF$4:$NF$103,0),MATCH(F$108,'Quikirr Data'!$C$3:$AM$3,0)),0)*ToC!$E$15/ToC!$E$10 -> 0 | G115: =+IFERROR(INDEX('Quikirr Data'!$C$4:$AM$103,MATCH($C115,'Quikirr Data'!$NF$4:$NF$103,0),MATCH(G$108,'Quikirr Data'!$C$3:$AM$3,0)),0)*ToC!$E$15/ToC!$E$10 -> 0 | H115: =+IFERROR(INDEX('Quikirr Data'!$C$4:$AM$103,MATCH($C115,'Quikirr Data'!$NF$4:$NF$103,0),MATCH(H$108,'Quikirr Data'!$C$3:$AM$3,0)),0)*ToC!$E$15/ToC!$E$10 -> 0 | I115: =+IFERROR(INDEX('Quikirr Data'!$C$4:$AM$103,MATCH($C115,'Quikirr Data'!$NF$4:$NF$103,0),MATCH(I$108,'Quikirr Data'!$C$3:$AM$3,0)),0)*ToC!$E$15/ToC!$E$10 -> 0 | K115: =+IFERROR((I115/F115)^(1/YEARFRAC($F$108,$I$108))-1,0) -> 0 | L115: =+IFERROR(Q115/Q$123,0) -> 0 | M115: =+IFERROR(SUM(Q$110:Q115)/Q$123,0) -> 1 | O115: =+G115-F115 -> 0 | P115: =+H115-G115 -> 0 | Q115: =+I115-H115 -> 0 | R115: {=+IFERROR(INDEX($O115:$Q115,MAX(MATCH('Top Customers'!$C$3,$F$108:$I$108,0)-1,1))/INDEX($O$123:$Q$123,MAX(MATCH('Top Customers'!$C$3,$F$108:$I$108,0)-1,1)),0)} -> 0 | S115: {=+IFERROR(I115/INDEX($F115:$I115,MATCH(TRUE,$F115:$I115<>0,0)),0)} -> 0 | U115: =+IFERROR(G115/F115-1,0) -> 0 | V115: =+IFERROR(H115/G115-1,0) -> 0 | W115: =+IFERROR(I115/H115-1,0) -> 0 | Y115: {=+IFERROR(INDEX('Quikirr Data'!$BD$4:$BD$103, MATCH(1,('Quikirr Data'!$B$4:$B$103=$D115)*('Quikirr Data'!$NF$4:$NF$103=$C115),0), 1),"N/A")} -> N/A
C116: =+C115+1 -> 7 | D116: =+IFERROR(INDEX('Quikirr Data'!$B$4:$B$103,MATCH($C116,'Quikirr Data'!$NF$4:$NF$103,0),1),"") | F116: =+IFERROR(INDEX('Quikirr Data'!$C$4:$AM$103,MATCH($C116,'Quikirr Data'!$NF$4:$NF$103,0),MATCH(F$108,'Quikirr Data'!$C$3:$AM$3,0)),0)*ToC!$E$15/ToC!$E$10 -> 0 | G116: =+IFERROR(INDEX('Quikirr Data'!$C$4:$AM$103,MATCH($C116,'Quikirr Data'!$NF$4:$NF$103,0),MATCH(G$108,'Quikirr Data'!$C$3:$AM$3,0)),0)*ToC!$E$15/ToC!$E$10 -> 0 | H116: =+IFERROR(INDEX('Quikirr Data'!$C$4:$AM$103,MATCH($C116,'Quikirr Data'!$NF$4:$NF$103,0),MATCH(H$108,'Quikirr Data'!$C$3:$AM$3,0)),0)*ToC!$E$15/ToC!$E$10 -> 0 | I116: =+IFERROR(INDEX('Quikirr Data'!$C$4:$AM$103,MATCH($C116,'Quikirr Data'!$NF$4:$NF$103,0),MATCH(I$108,'Quikirr Data'!$C$3:$AM$3,0)),0)*ToC!$E$15/ToC!$E$10 -> 0 | K116: =+IFERROR((I116/F116)^(1/YEARFRAC($F$108,$I$108))-1,0) -> 0 | L116: =+IFERROR(Q116/Q$123,0) -> 0 | M116: =+IFERROR(SUM(Q$110:Q116)/Q$123,0) -> 1 | O116: =+G116-F116 -> 0 | P116: =+H116-G116 -> 0 | Q116: =+I116-H116 -> 0 | R116: {=+IFERROR(INDEX($O116:$Q116,MAX(MATCH('Top Customers'!$C$3,$F$108:$I$108,0)-1,1))/INDEX($O$123:$Q$123,MAX(MATCH('Top Customers'!$C$3,$F$108:$I$108,0)-1,1)),0)} -> 0 | S116: {=+IFERROR(I116/INDEX($F116:$I116,MATCH(TRUE,$F116:$I116<>0,0)),0)} -> 0 | U116: =+IFERROR(G116/F116-1,0) -> 0 | V116: =+IFERROR(H116/G116-1,0) -> 0 | W116: =+IFERROR(I116/H116-1,0) -> 0 | Y116: {=+IFERROR(INDEX('Quikirr Data'!$BD$4:$BD$103, MATCH(1,('Quikirr Data'!$B$4:$B$103=$D116)*('Quikirr Data'!$NF$4:$NF$103=$C116),0), 1),"N/A")} -> N/A
C117: =+C116+1 -> 8 | D117: =+IFERROR(INDEX('Quikirr Data'!$B$4:$B$103,MATCH($C117,'Quikirr Data'!$NF$4:$NF$103,0),1),"") | F117: =+IFERROR(INDEX('Quikirr Data'!$C$4:$AM$103,MATCH($C117,'Quikirr Data'!$NF$4:$NF$103,0),MATCH(F$108,'Quikirr Data'!$C$3:$AM$3,0)),0)*ToC!$E$15/ToC!$E$10 -> 0 | G117: =+IFERROR(INDEX('Quikirr Data'!$C$4:$AM$103,MATCH($C117,'Quikirr Data'!$NF$4:$NF$103,0),MATCH(G$108,'Quikirr Data'!$C$3:$AM$3,0)),0)*ToC!$E$15/ToC!$E$10 -> 0 | H117: =+IFERROR(INDEX('Quikirr Data'!$C$4:$AM$103,MATCH($C117,'Quikirr Data'!$NF$4:$NF$103,0),MATCH(H$108,'Quikirr Data'!$C$3:$AM$3,0)),0)*ToC!$E$15/ToC!$E$10 -> 0 | I117: =+IFERROR(INDEX('Quikirr Data'!$C$4:$AM$103,MATCH($C117,'Quikirr Data'!$NF$4:$NF$103,0),MATCH(I$108,'Quikirr Data'!$C$3:$AM$3,0)),0)*ToC!$E$15/ToC!$E$10 -> 0 | K117: =+IFERROR((I117/F117)^(1/YEARFRAC($F$108,$I$108))-1,0) -> 0 | L117: =+IFERROR(Q117/Q$123,0) -> 0 | M117: =+IFERROR(SUM(Q$110:Q117)/Q$123,0) -> 1 | O117: =+G117-F117 -> 0 | P117: =+H117-G117 -> 0 | Q117: =+I117-H117 -> 0 | R117: {=+IFERROR(INDEX($O117:$Q117,MAX(MATCH('Top Customers'!$C$3,$F$108:$I$108,0)-1,1))/INDEX($O$123:$Q$123,MAX(MATCH('Top Customers'!$C$3,$F$108:$I$108,0)-1,1)),0)} -> 0 | S117: {=+IFERROR(I117/INDEX($F117:$I117,MATCH(TRUE,$F117:$I117<>0,0)),0)} -> 0 | U117: =+IFERROR(G117/F117-1,0) -> 0 | V117: =+IFERROR(H117/G117-1,0) -> 0 | W117: =+IFERROR(I117/H117-1,0) -> 0 | Y117: {=+IFERROR(INDEX('Quikirr Data'!$BD$4:$BD$103, MATCH(1,('Quikirr Data'!$B$4:$B$103=$D117)*('Quikirr Data'!$NF$4:$NF$103=$C117),0), 1),"N/A")} -> N/A
C118: =+C117+1 -> 9 | D118: =+IFERROR(INDEX('Quikirr Data'!$B$4:$B$103,MATCH($C118,'Quikirr Data'!$NF$4:$NF$103,0),1),"") | F118: =+IFERROR(INDEX('Quikirr Data'!$C$4:$AM$103,MATCH($C118,'Quikirr Data'!$NF$4:$NF$103,0),MATCH(F$108,'Quikirr Data'!$C$3:$AM$3,0)),0)*ToC!$E$15/ToC!$E$10 -> 0 | G118: =+IFERROR(INDEX('Quikirr Data'!$C$4:$AM$103,MATCH($C118,'Quikirr Data'!$NF$4:$NF$103,0),MATCH(G$108,'Quikirr Data'!$C$3:$AM$3,0)),0)*ToC!$E$15/ToC!$E$10 -> 0 | H118: =+IFERROR(INDEX('Quikirr Data'!$C$4:$AM$103,MATCH($C118,'Quikirr Data'!$NF$4:$NF$103,0),MATCH(H$108,'Quikirr Data'!$C$3:$AM$3,0)),0)*ToC!$E$15/ToC!$E$10 -> 0 | I118: =+IFERROR(INDEX('Quikirr Data'!$C$4:$AM$103,MATCH($C118,'Quikirr Data'!$NF$4:$NF$103,0),MATCH(I$108,'Quikirr Data'!$C$3:$AM$3,0)),0)*ToC!$E$15/ToC!$E$10 -> 0 | K118: =+IFERROR((I118/F118)^(1/YEARFRAC($F$108,$I$108))-1,0) -> 0 | L118: =+IFERROR(Q118/Q$123,0) -> 0 | M118: =+IFERROR(SUM(Q$110:Q118)/Q$123,0) -> 1 | O118: =+G118-F118 -> 0 | P118: =+H118-G118 -> 0 | Q118: =+I118-H118 -> 0 | R118: {=+IFERROR(INDEX($O118:$Q118,MAX(MATCH('Top Customers'!$C$3,$F$108:$I$108,0)-1,1))/INDEX($O$123:$Q$123,MAX(MATCH('Top Customers'!$C$3,$F$108:$I$108,0)-1,1)),0)} -> 0 | S118: {=+IFERROR(I118/INDEX($F118:$I118,MATCH(TRUE,$F118:$I118<>0,0)),0)} -> 0 | U118: =+IFERROR(G118/F118-1,0) -> 0 | V118: =+IFERROR(H118/G118-1,0) -> 0 | W118: =+IFERROR(I118/H118-1,0) -> 0 | Y118: {=+IFERROR(INDEX('Quikirr Data'!$BD$4:$BD$103, MATCH(1,('Quikirr Data'!$B$4:$B$103=$D118)*('Quikirr Data'!$NF$4:$NF$103=$C118),0), 1),"N/A")} -> N/A
C119: =+C118+1 -> 10 | D119: =+IFERROR(INDEX('Quikirr Data'!$B$4:$B$103,MATCH($C119,'Quikirr Data'!$NF$4:$NF$103,0),1),"") | F119: =+IFERROR(INDEX('Quikirr Data'!$C$4:$AM$103,MATCH($C119,'Quikirr Data'!$NF$4:$NF$103,0),MATCH(F$108,'Quikirr Data'!$C$3:$AM$3,0)),0)*ToC!$E$15/ToC!$E$10 -> 0 | G119: =+IFERROR(INDEX('Quikirr Data'!$C$4:$AM$103,MATCH($C119,'Quikirr Data'!$NF$4:$NF$103,0),MATCH(G$108,'Quikirr Data'!$C$3:$AM$3,0)),0)*ToC!$E$15/ToC!$E$10 -> 0 | H119: =+IFERROR(INDEX('Quikirr Data'!$C$4:$AM$103,MATCH($C119,'Quikirr Data'!$NF$4:$NF$103,0),MATCH(H$108,'Quikirr Data'!$C$3:$AM$3,0)),0)*ToC!$E$15/ToC!$E$10 -> 0 | I119: =+IFERROR(INDEX('Quikirr Data'!$C$4:$AM$103,MATCH($C119,'Quikirr Data'!$NF$4:$NF$103,0),MATCH(I$108,'Quikirr Data'!$C$3:$AM$3,0)),0)*ToC!$E$15/ToC!$E$10 -> 0 | K119: =+IFERROR((I119/F119)^(1/YEARFRAC($F$108,$I$108))-1,0) -> 0 | L119: =+IFERROR(Q119/Q$123,0) -> 0 | M119: =+IFERROR(SUM(Q$110:Q119)/Q$123,0) -> 1 | O119: =+G119-F119 -> 0 | P119: =+H119-G119 -> 0 | Q119: =+I119-H119 -> 0 | R119: {=+IFERROR(INDEX($O119:$Q119,MAX(MATCH('Top Customers'!$C$3,$F$108:$I$108,0)-1,1))/INDEX($O$123:$Q$123,MAX(MATCH('Top Customers'!$C$3,$F$108:$I$108,0)-1,1)),0)} -> 0 | S119: {=+IFERROR(I119/INDEX($F119:$I119,MATCH(TRUE,$F119:$I119<>0,0)),0)} -> 0 | U119: =+IFERROR(G119/F119-1,0) -> 0 | V119: =+IFERROR(H119/G119-1,0) -> 0 | W119: =+IFERROR(I119/H119-1,0) -> 0 | Y119: {=+IFERROR(INDEX('Quikirr Data'!$BD$4:$BD$103, MATCH(1,('Quikirr Data'!$B$4:$B$103=$D119)*('Quikirr Data'!$NF$4:$NF$103=$C119),0), 1),"N/A")} -> N/A
D120: =+"Total Top "&COUNTA('Top Customers'!$D$110:$D$119) -> Total Top 10 | F120: =+SUM(F$110:F$119) -> 4299.96 | G120: =+SUM(G$110:G$119) -> 4296 | H120: =+SUM(H$110:H$119) -> 4536 | I120: =+SUM(I$110:I$119) -> 0 | K120: =+IFERROR((I120/F120)^(1/YEARFRAC($F$108,$I$108))-1,0) -> -1 | L120: =+IFERROR(Q120/Q$123,0) -> 1 | M120: =+M119 -> 1 | O120: =+G120-F120 -> -3.96 | P120: =+H120-G120 -> 240 | Q120: =+I120-H120 -> -4536 | R120: {=+IFERROR(INDEX($O120:$Q120,MAX(MATCH('Top Customers'!$C$3,$F$108:$I$108,0)-1,1))/INDEX($O$123:$Q$123,MAX(MATCH('Top Customers'!$C$3,$F$108:$I$108,0)-1,1)),0)} -> 1 | S120: {=+IFERROR(I120/INDEX($F120:$I120,MATCH(TRUE,$F120:$I120<>0,0)),0)} -> 0 | U120: =+IFERROR(G120/F120-1,0) -> -0.0009209388 | V120: =+IFERROR(H120/G120-1,0) -> 0.055865922 | W120: =+IFERROR(I120/H120-1,0) -> -1
D122: =+"Other Churn ("&COUNTIFS('Quikirr Data'!$NF$4:$NF$103,">10")&" Customers)" -> Other Churn (0 Customers) | F122: =+F123-F120 -> 0 | G122: =+G123-G120 -> 0 | H122: =+H123-H120 -> 0 | I122: =+I123-I120 -> 0 | K122: =+IFERROR((I122/F122)^(1/YEARFRAC($F$108,$I$108))-1,0) -> 0 | L122: =+IFERROR(Q122/Q$123,0) -> 0 | M122: =+M123-M120 -> 0 | O122: =+G122-F122 -> 0 | P122: =+H122-G122 -> 0 | Q122: =+I122-H122 -> 0 | R122: {=+IFERROR(INDEX($O122:$Q122,MAX(MATCH('Top Customers'!$C$3,$F$108:$I$108,0)-1,1))/INDEX($O$123:$Q$123,MAX(MATCH('Top Customers'!$C$3,$F$108:$I$108,0)-1,1)),0)} -> 0 | S122: {=+IFERROR(I122/INDEX($F122:$I122,MATCH(TRUE,$F122:$I122<>0,0)),0)} -> 0 | U122: =+IFERROR(G122/F122-1,0) -> 0 | V122: =+IFERROR(H122/G122-1,0) -> 0 | W122: =+IFERROR(I122/H122-1,0) -> 0
D123: Total Churn Customers | F123: =+SUMIFS('Quikirr Data'!C$4:C$103,'Quikirr Data'!$NF$4:$NF$103,"<>N/A")*ToC!$E$15/ToC!$E$10 -> 4299.96 | G123: =+SUMIFS('Quikirr Data'!O$4:O$103,'Quikirr Data'!$NF$4:$NF$103,"<>N/A")*ToC!$E$15/ToC!$E$10 -> 4296 | H123: =+SUMIFS('Quikirr Data'!AA$4:AA$103,'Quikirr Data'!$NF$4:$NF$103,"<>N/A")*ToC!$E$15/ToC!$E$10 -> 4536 | I123: =+SUMIFS('Quikirr Data'!AM$4:AM$103,'Quikirr Data'!$NF$4:$NF$103,"<>N/A")*ToC!$E$15/ToC!$E$10 -> 0 | K123: =+IFERROR((I123/F123)^(1/YEARFRAC($F$108,$I$108))-1,0) -> -1 | L123: =+IFERROR(Q123/Q$123,0) -> 1 | M123: =1 -> 1 | O123: =+G123-F123 -> -3.96 | P123: =+H123-G123 -> 240 | Q123: =+I123-H123 -> -4536 | R123: {=+IFERROR(INDEX($O$123:$Q$123,MAX(MATCH('Top Customers'!$C$3,$F$108:$I$108,0)-1,1))/INDEX($O$123:$Q$123,MAX(MATCH('Top Customers'!$C$3,$F$108:$I$108,0)-1,1)),0)} -> 1 | S123: {=+IFERROR(I123/INDEX($F123:$I123,MATCH(TRUE,$F123:$I123<>0,0)),0)} -> 0 | U123: =+IFERROR(G123/F123-1,0) -> -0.0009209388 | V123: =+IFERROR(H123/G123-1,0) -> 0.055865922 | W123: =+IFERROR(I123/H123-1,0) -> -1
D125: Total Top 5 | F125: =+SUM(F$110:F$114) -> 4299.96 | G125: =+SUM(G$110:G$114) -> 4296 | H125: =+SUM(H$110:H$114) -> 4536 | I125: =+SUM(I$110:I$114) -> 0 | K125: =+IFERROR((I125/F125)^(1/YEARFRAC($F$108,$I$108))-1,0) -> -1 | L125: =+IFERROR(Q125/Q$123,0) -> 1 | M125: =+L125 -> 1 | O125: =+G125-F125 -> -3.96 | P125: =+H125-G125 -> 240 | Q125: =+I125-H125 -> -4536 | R125: {=+IFERROR(INDEX($O125:$Q125,MAX(MATCH('Top Customers'!$C$3,$F$108:$I$108,0)-1,1))/INDEX($O$123:$Q$123,MAX(MATCH('Top Customers'!$C$3,$F$108:$I$108,0)-1,1)),0)} -> 1 | S125: {=+IFERROR(I125/INDEX($F125:$I125,MATCH(TRUE,$F125:$I125<>0,0)),0)} -> 0 | U125: =+IFERROR(G125/F125-1,0) -> -0.0009209388 | V125: =+IFERROR(H125/G125-1,0) -> 0.055865922 | W125: =+IFERROR(I125/H125-1,0) -> -1
...

Sheet Data Foundation >

Sheet Quikirr Data
AP1: Quarterly Section | EK1: Annual Section | FU1: Rolling LTM Section | MV1: Customer Ranking
AP2: Quarterly - Diffs | BE2: Quarterly - Tags | BS2: New | BT2: New | BU2: New | BV2: New | BW2: New | BX2: New | BY2: New | BZ2: New | CA2: New | CB2: New | CC2: New | CD2: New | CE2: New | CG2: Churn | CH2: Churn | CI2: Churn | CJ2: Churn | CK2: Churn | CL2: Churn | CM2: Churn | CN2: Churn | CO2: Churn | CP2: Churn | CQ2: Churn | CR2: Churn | CS2: Churn | CU2: Downsell | CV2: Downsell | CW2: Downsell | CX2: Downsell | CY2: Downsell | CZ2: Downsell | DA2: Downsell | DB2: Downsell | DC2: Downsell | DD2: Downsell | DE2: Downsell | DF2: Downsell | DG2: Downsell | DI2: Upsell | DJ2: Upsell | DK2: Upsell | DL2: Upsell | DM2: Upsell | DN2: Upsell | DO2: Upsell | DP2: Upsell | DQ2: Upsell | DR2: Upsell | DS2: Upsell | DT2: Upsell | DU2: Upsell | DW2: Checks | DX2: Checks | DY2: Checks | DZ2: Checks | EA2: Checks | EB2: Checks | EC2: Checks | ED2: Checks | EE2: Checks | EF2: Checks | EG2: Checks | EH2: Checks | EI2: Checks | EK2: Annual - Diffs | EQ2: Annual - Tags | EV2: New | EW2: New | EX2: New | EY2: New | FA2: Churn | FB2: Churn | FC2: Churn | FD2: Churn | FF2: Downsell | FG2: Downsell | FH2: Downsell | FI2: Downsell | FK2: Upsell | FL2: Upsell | FM2: Upsell | FN2: Upsell | FP2: Checks | FQ2: Checks | FR2: Checks | FS2: Checks | FU2: RollingLTM - Diffs | GV2: RollingLTM - Tags | HV2: New | HW2: New | HX2: New | HY2: New | HZ2: New | IA2: New | IB2: New | IC2: New | ID2: New | IE2: New | IF2: New | IG2: New | IH2: New | II2: New | IJ2: New | IK2: New | IL2: New | IM2: New | IN2: New | IO2: New | IP2: New | IQ2: New | IR2: New | IS2: New | IT2: New | IV2: Churn | IW2: Churn | IX2: Churn | IY2: Churn | IZ2: Churn | JA2: Churn | JB2: Churn | JC2: Churn | JD2: Churn | JE2: Churn | JF2: Churn | JG2: Churn | JH2: Churn | JI2: Churn | JJ2: Churn | JK2: Churn | JL2: Churn | JM2: Churn | JN2: Churn | JO2: Churn | JP2: Churn | JQ2: Churn | JR2: Churn | JS2: Churn | JT2: Churn | JV2: Downsell | JW2: Downsell | JX2: Downsell | JY2: Downsell | JZ2: Downsell | KA2: Downsell | KB2: Downsell | KC2: Downsell | KD2: Downsell | KE2: Downsell | KF2: Downsell | KG2: Downsell | KH2: Downsell | KI2: Downsell | KJ2: Downsell | KK2: Downsell | KL2: Downsell | KM2: Downsell | KN2: Downsell | KO2: Downsell | KP2: Downsell | KQ2: Downsell | KR2: Downsell | KS2: Downsell | KT2: Downsell | KV2: Upsell | KW2: Upsell | KX2: Upsell | KY2: Upsell | KZ2: Upsell | LA2: Upsell | LB2: Upsell | LC2: Upsell | LD2: Upsell | LE2: Upsell | LF2: Upsell | LG2: Upsell | LH2: Upsell | LI2: Upsell | LJ2: Upsell | LK2: Upsell | LL2: Upsell | LM2: Upsell | LN2: Upsell | LO2: Upsell | LP2: Upsell | LQ2: Upsell | LR2: Upsell | LS2: Upsell | LT2: Upsell | LV2: Checks | LW2: Checks | LX2: Checks | LY2: Checks | LZ2: Checks | MA2: Checks | MB2: Checks | MC2: Checks | MD2: Checks | ME2: Checks | MF2: Checks | MG2: Checks | MH2: Checks | MI2: Checks | MJ2: Checks | MK2: Checks | ML2: Checks | MM2: Checks | MN2: Checks | MO2: Checks | MP2: Checks | MQ2: Checks | MR2: Checks | MS2: Checks | MT2: Checks | MV2: Ranking Value | NB2: Filtered Rank | NG2: Check - Ranking Values | NH2: Overall | NI2: New | NJ2: Upsell | NK2: Downsell | NL2: Churn
B3: Customers | C3: 44926 | D3: =EOMONTH(C3,1) -> 44957 | E3: =EOMONTH(D3,1) -> 44985 | F3: =EOMONTH(E3,1) -> 45016 | G3: =EOMONTH(F3,1) -> 45046 | H3: =EOMONTH(G3,1) -> 45077 | I3: =EOMONTH(H3,1) -> 45107 | J3: =EOMONTH(I3,1) -> 45138 | K3: =EOMONTH(J3,1) -> 45169 | ... AM3: =EOMONTH(AL3,1) -> 46022 | AN3: Customer Index | AP3: 44926 | AQ3: 45016 | AR3: 45107 | AS3: 45199 | AT3: 45291 | AU3: 45382 | AV3: 45473 | AW3: 45565 | AX3: 45657 | AY3: 45747 | AZ3: 45838 | BA3: 45930 | BB3: 46022 | BD3: Quarterly Cohort | BE3: =+AP3 -> 44926 | BF3: =+AQ3 -> 45016 | BG3: =+AR3 -> 45107 | BH3: =+AS3 -> 45199 | BI3: =+AT3 -> 45291 | BJ3: =+AU3 -> 45382 | BK3: =+AV3 -> 45473 | BL3: =+AW3 -> 45565 | ... BQ3: =+BB3 -> 46022 | BS3: =+AP3 -> 44926 | BT3: =+AQ3 -> 45016 | BU3: =+AR3 -> 45107 | BV3: =+AS3 -> 45199 | BW3: =+AT3 -> 45291 | BX3: =+AU3 -> 45382 | BY3: =+AV3 -> 45473 | BZ3: =+AW3 -> 45565 | ... CE3: =+BB3 -> 46022 | CG3: =+AP3 -> 44926 | CH3: =+AQ3 -> 45016 | CI3: =+AR3 -> 45107 | CJ3: =+AS3 -> 45199 | CK3: =+AT3 -> 45291 | CL3: =+AU3 -> 45382 | CM3: =+AV3 -> 45473 | CN3: =+AW3 -> 45565 | ... CS3: =+BB3 -> 46022 | CU3: =+AP3 -> 44926 | CV3: =+AQ3 -> 45016 | CW3: =+AR3 -> 45107 | CX3: =+AS3 -> 45199 | CY3: =+AT3 -> 45291 | CZ3: =+AU3 -> 45382 | DA3: =+AV3 -> 45473 | DB3: =+AW3 -> 45565 | ... DG3: =+BB3 -> 46022 | DI3: =+AP3 -> 44926 | DJ3: =+AQ3 -> 45016 | DK3: =+AR3 -> 45107 | DL3: =+AS3 -> 45199 | DM3: =+AT3 -> 45291 | DN3: =+AU3 -> 45382 | DO3: =+AV3 -> 45473 | DP3: =+AW3 -> 45565 | ... DU3: =+BB3 -> 46022 | DW3: =+AP3 -> 44926 | DX3: =+AQ3 -> 45016 | DY3: =+AR3 -> 45107 | DZ3: =+AS3 -> 45199 | EA3: =+AT3 -> 45291 | EB3: =+AU3 -> 45382 | EC3: =+AV3 -> 45473 | ED3: =+AW3 -> 45565 | ... EI3: =+BB3 -> 46022 | EK3: 44926 | EL3: 45291 | EM3: 45657 | EN3: 46022 | EP3: Annual Cohort | EQ3: =+EK3 -> 44926 | ER3: =+EL3 -> 45291 | ES3: =+EM3 -> 45657 | ET3: =+EN3 -> 46022 | EV3: =+EK3 -> 44926 | EW3: =+EL3 -> 45291 | EX3: =+EM3 -> 45657 | EY3: =+EN3 -> 46022 | FA3: =+EK3 -> 44926 | FB3: =+EL3 -> 45291 | FC3: =+EM3 -> 45657 | FD3: =+EN3 -> 46022 | FF3: =+EK3 -> 44926 | FG3: =+EL3 -> 45291 | FH3: =+EM3 -> 45657 | FI3: =+EN3 -> 46022 | FK3: =+EK3 -> 44926 | FL3: =+EL3 -> 45291 | FM3: =+EM3 -> 45657 | FN3: =+EN3 -> 46022 | FP3: =+EK3 -> 44926 | FQ3: =+EL3 -> 45291 | FR3: =+EM3 -> 45657 | FS3: =+EN3 -> 46022 | FU3: 45291 | FV3: 45322 | FW3: 45351 | FX3: 45382 | FY3: 45412 | FZ3: 45443 | GA3: 45473 | GB3: 45504 | GC3: 45535 | GD3: 45565 | GE3: 45596 | GF3: 45626 | GG3: 45657 | GH3: 45688 | GI3: 45716 | GJ3: 45747 | GK3: 45777 | GL3: 45808 | GM3: 45838 | GN3: 45869 | GO3: 45900 | GP3: 45930 | GQ3: 45961 | GR3: 45991 | GS3: 46022 | GU3: RollingLTM Cohort | GV3: =+FU3 -> 45291 | GW3: =+FV3 -> 45322 | GX3: =+FW3 -> 45351 | GY3: =+FX3 -> 45382 | GZ3: =+FY3 -> 45412 | HA3: =+FZ3 -> 45443 | HB3: =+GA3 -> 45473 | HC3: =+GB3 -> 45504 | ... HT3: =+GS3 -> 46022 | HV3: =+FU3 -> 45291 | HW3: =+FV3 -> 45322 | HX3: =+FW3 -> 45351 | HY3: =+FX3 -> 45382 | HZ3: =+FY3 -> 45412 | IA3: =+FZ3 -> 45443 | IB3: =+GA3 -> 45473 | IC3: =+GB3 -> 45504 | ... IT3: =+GS3 -> 46022 | IV3: =+FU3 -> 45291 | IW3: =+FV3 -> 45322 | IX3: =+FW3 -> 45351 | IY3: =+FX3 -> 45382 | IZ3: =+FY3 -> 45412 | JA3: =+FZ3 -> 45443 | JB3: =+GA3 -> 45473 | JC3: =+GB3 -> 45504 | ... JT3: =+GS3 -> 46022 | JV3: =+FU3 -> 45291 | JW3: =+FV3 -> 45322 | JX3: =+FW3 -> 45351 | JY3: =+FX3 -> 45382 | JZ3: =+FY3 -> 45412 | KA3: =+FZ3 -> 45443 | KB3: =+GA3 -> 45473 | KC3: =+GB3 -> 45504 | ... KT3: =+GS3 -> 46022 | KV3: =+FU3 -> 45291 | KW3: =+FV3 -> 45322 | KX3: =+FW3 -> 45351 | KY3: =+FX3 -> 45382 | KZ3: =+FY3 -> 45412 | LA3: =+FZ3 -> 45443 | LB3: =+GA3 -> 45473 | LC3: =+GB3 -> 45504 | ... LT3: =+GS3 -> 46022 | LV3: =+FU3 -> 45291 | LW3: =+FV3 -> 45322 | LX3: =+FW3 -> 45351 | LY3: =+FX3 -> 45382 | LZ3: =+FY3 -> 45412 | MA3: =+FZ3 -> 45443 | MB3: =+GA3 -> 45473 | MC3: =+GB3 -> 45504 | ... MT3: =+GS3 -> 46022 | MV3: Overall | MW3: New | MX3: Upsell | MY3: Downsell | MZ3: Churn | NB3: Overall | NC3: New | ND3: Upsell | NE3: Downsell | NF3: Churn | NH3: =ROUND(SUM($C$106:$AM$106),4) -> 0 | NI3: =ROUND(SUM($C$107:$AM$107),4) -> 0 | NJ3: =ROUND(SUM($C$108:$AM$108),4) -> 0 | NK3: =ROUND(SUM($C$109:$AM$109),4) -> 0 | NL3: =ROUND(SUM($C$110:$AM$110),4) -> 0
